Pokemon,Score,Dex,Type 1,Type 2,Attack,Defense,Stamina,Stat Product,Level,CP,Fast Move,Charged Move 1,Charged Move 2,Charged Move 1 Count,Charged Move 2 Count,Buddy Distance,Charged Move Cost
Cradily,96.2,346,rock,grass,105.2,140.3,144,2126277,25.5,1497,Acid,Rock Tomb,Grass Knot,7,7,3,50000
Kingdra,95.7,230,water,dragon,121.8,127.9,118,1839109,21,1497,Dragon Breath,Surf,Swift,12,9,3,50000
Kingdra (Shadow),95.5,230,water,dragon,121.8,127.9,118,1839109,21,1497,Dragon Breath,Surf,Swift,12,9,3,50000
Forretress,95.1,205,bug,steel,109.8,145.5,128,2043769,24.5,1499,Bug Bite,Sand Tomb,Rock Tomb,14,17,5,75000
Furret,94.2,162,normal,none,115.3,105.4,160,1945534,34.5,1498,Sucker Punch,Swift,Trailblaze,5,7,1,10000
Toxapex,93.8,748,poison,water,91.9,224.3,118,2433080,38,1497,Poison Jab,Brine,Sludge Wave,8,10,3,50000
Empoleon,93.2,395,water,steel,125.2,117,122,1787543,19,1497,Metal Sound,Hydro Cannon*,Drill Peck,5,5,3,10000
Lickilicky,92.9,463,normal,none,105.7,125.6,160,2123761,23,1499,Rollout,Body Slam*,Shadow Ball,3,4,3,50000
Drampa,92.7,780,normal,dragon,136.8,104.2,115,1640140,19,1499,Dragon Breath,Swift,Dragon Pulse,9,14,5,75000
Forretress (Shadow),92.7,205,bug,steel,109.8,145.5,128,2043769,24.5,1499,Bug Bite,Sand Tomb,Rock Tomb,14,17,5,75000
Lapras,92.7,131,water,ice,104.7,114.6,179,2147136,21.5,1499,Psywave,Sparkling Aria,Ice Beam*,12,14,5,75000
Crustle,92.3,558,bug,rock,120.3,134.7,115,1863686,22,1499,Fury Cutter,X-Scissor,Rock Wrecker,10,13,1,10000
Turtonator,92,776,fire,dragon,113.5,153.6,113,1971162,25,1499,Incinerate,Brutal Swing,Dragon Claw,2,3,5,75000
Dunsparce,91.8,206,normal,none,104.8,111,184,2139359,37.5,1499,Rollout,Drill Run,Rock Slide,4,4,3,50000
Jumpluff,91.8,189,grass,flying,96.7,157,153,2322994,40.5,1499,Fairy Wind,Energy Ball,Acrobatics*,5,7,3,50000
Oranguru,91.5,765,normal,psychic,110.2,130.1,142,2034972,23,1498,Confusion,Brutal Swing,Trailblaze,3,4,3,75000
Greedent,90.8,820,normal,none,106.9,110.7,177,2094312,23.5,1497,Mud Shot,Body Slam,Trailblaze,4,5,1,10000
Miltank,90.8,241,normal,none,105.4,134.8,150,2130680,24,1500,Rollout,Body Slam,Thunderbolt,3,5,5,75000
Empoleon (Shadow),90.7,395,water,steel,125.2,117,122,1787543,19,1497,Metal Sound,Hydro Cannon*,Drill Peck,5,5,3,10000
Charjabug,90.4,737,bug,electric,114.8,134.8,126,1949448,36.5,1497,Volt Switch*,X-Scissor,Discharge,3,3,1,10000
Jellicent,90.4,593,water,ghost,106.7,126.3,156,2101858,24,1499,Hex,Surf,Shadow Ball,4,4,3,50000
Oinkologne (Female),90.4,916,normal,none,109.6,111.5,167,2041611,22.5,1500,Mud Slap*,Body Slam,Trailblaze,4,5,1,10000
Morpeko (Full Belly),90.3,877,electric,dark,140.5,96.3,118,1596126,28.5,1499,Thunder Shock,Aura Wheel,Psychic Fangs,5,4,3,50000
Mantine,90.2,226,water,flying,105.5,166.6,121,2126860,27,1500,Wing Attack,Twister,Water Pulse,5,7,5,75000
Toucannon (Shadow),90.2,733,normal,flying,137.3,96.8,123,1634212,20.5,1500,Peck,Beak Blast*,Drill Peck,7,5,1,10000
Walrein,90.2,365,ice,water,112.5,114.9,154,1990879,20.5,1500,Powder Snow*,Icicle Spear*,Earthquake,5,9,3,50000
Raikou,90,243,electric,none,132,110.6,116,1693495,16,1498,Thunder Shock,Wild Charge,Aura Sphere,5,5,20,100000
Cradily (Shadow),89.9,346,rock,grass,105.2,140.3,144,2126277,25.5,1497,Acid,Rock Tomb,Grass Knot,7,7,3,50000
Lileep,89.8,345,rock,grass,100.8,138.6,151,2111110,50,1460,Acid,Ancient Power,Grass Knot,6,7,3,50000
Pachirisu,89.7,417,electric,none,91.6,157.1,142,2043738,50,1372,Volt Switch,Hyper Fang,Thunder Punch,4,3,5,75000
Dubwool,89.6,832,normal,none,110.6,143,128,2025159,25.5,1497,Double Kick,Body Slam,Payback,3,5,3,10000
Araquanid,89.5,752,water,bug,97.4,174,136,2306355,32,1499,Bug Bite,Water Pulse,Bubble Beam,17,14,3,50000
Jumpluff (Shadow),89.3,189,grass,flying,96.7,157,153,2322994,40.5,1499,Fairy Wind,Energy Ball,Acrobatics*,5,7,3,50000
Charjabug (Shadow),89.2,737,bug,electric,114.8,134.8,126,1949448,36.5,1497,Volt Switch*,X-Scissor,Discharge,3,3,1,10000
Emolga,89.2,587,electric,flying,127.6,110.2,125,1758025,39.5,1498,Thunder Shock,Acrobatics,Discharge,7,5,1,10000
Seaking,89.2,119,water,none,121.9,109,138,1833820,26,1500,Peck,Drill Run*,Icy Wind*,5,6,3,50000
Dudunsparce,89.1,982,normal,none,116.1,98.6,169,1934787,20.5,1500,Rollout,Body Slam,Drill Run,3,4,3,50000
Crustle (Shadow),89,558,bug,rock,120.3,134.7,115,1863686,22,1499,Fury Cutter,X-Scissor,Rock Wrecker,10,13,1,10000
Stunfisk,88.9,618,ground,electric,101.5,126.7,172,2211731,26,1499,Thunder Shock,Mud Bomb,Discharge,5,5,5,75000
Sealeo,88.7,364,ice,water,109,112.8,168,2065168,36,1500,Powder Snow,Surf,Body Slam,6,5,3,50000
Tentacruel,88.7,73,water,poison,108.9,143.5,131,2047453,23,1495,Acid,Scald,Payback,7,8,3,50000
Pelipper,88.6,279,water,flying,123.3,128.7,115,1825336,26,1500,Wing Attack,Weather Ball (Water),Hurricane,5,8,3,50000
Kecleon,88.5,352,normal,none,115.6,142.2,118,1939686,27.5,1499,Sucker Punch,Thunder Punch,Dynamic Punch,6,7,5,75000
Lileep (Shadow),88.4,345,rock,grass,100.8,138.6,151,2111110,50,1460,Acid,Ancient Power,Grass Knot,6,7,3,50000
Bellibolt,88.3,939,electric,none,115.1,110.2,154,1952887,21,1500,Thunder Shock,Zap Cannon,Parabolic Charge,9,6,1,50000
Ninetales,88.3,38,fire,none,114.4,135.5,126,1953716,24.5,1496,Ember*,Weather Ball (Fire),Energy Ball*,4,5,3,50000
Araquanid (Shadow),88.2,752,water,bug,97.4,174,136,2306355,32,1499,Bug Bite,Bubble Beam,Water Pulse,14,17,3,50000
Golisopod,88.2,768,bug,water,124.1,134.7,108,1804489,17.5,1499,Fury Cutter,X-Scissor,Aqua Jet,10,10,1,10000
Dartrix,88.1,723,grass,flying,112.5,115.5,154,2001159,36.5,1500,Peck,Brave Bird,Energy Ball,7,6,3,10000
Noctowl,88.1,164,normal,flying,105.3,120.2,168,2126381,28,1500,Wing Attack,Shadow Ball,Return<sup>†</sup>,7,9,1,10000
Pidgeot,88,18,normal,flying,116.9,115.5,142,1917898,26.5,1499,Gust*,Air Cutter*,Brave Bird,3,4,1,10000
Victreebel (Shadow),88,71,grass,poison,135.2,93.5,131,1656351,23,1498,Acid,Leaf Blade,Sludge Bomb,5,7,3,50000
Blaziken (Shadow),87.9,257,fire,fighting,143.9,90.8,119,1555953,19.5,1497,Ember,Aura Sphere,Blast Burn*,5,6,3,10000
Fearow,87.9,22,normal,flying,131.5,104.6,124,1705662,28,1500,Peck,Drill Peck,Drill Run,5,5,1,10000
Lapras (Shadow),87.9,131,water,ice,104.7,114.6,179,2147136,21.5,1499,Psywave,Sparkling Aria,Ice Beam*,12,14,5,75000
Lickitung,87.9,108,normal,none,96.6,127.7,186,2295742,50,1491,Lick,Body Slam*,Power Whip,12,17,3,50000
Togedemaru,87.9,777,electric,steel,132.2,107.3,120,1701782,25.5,1500,Thunder Shock,Fell Stinger,Wild Charge,4,5,3,50000
Electrode (Hisuian),87.8,101,electric,grass,123.3,128.7,115,1825336,26,1500,Thunder Shock,Wild Charge,Energy Ball,5,5,3,50000
Gyarados (Shadow),87.7,130,water,flying,130.8,108.5,121,1717312,16.5,1498,Dragon Breath,Aqua Tail*,Twister,9,10,1,10000
Samurott,87.7,503,water,none,128,100.9,136,1756037,19.5,1500,Fury Cutter,Hydro Cannon*,Megahorn,10,14,3,10000
Castform,87.6,351,normal,none,112.6,121.3,146,1993800,39.5,1500,Hex,Weather Ball (Rock),Energy Ball,3,4,5,75000
Diggersby,87.6,660,normal,ground,95.7,140.3,174,2337114,47,1499,Mud Shot,Fire Punch,Scorching Sands,5,6,1,10000
Diggersby (Shadow),87.6,660,normal,ground,95.7,140.3,174,2337114,47,1499,Mud Shot,Scorching Sands,Fire Punch,6,5,1,10000
Dodrio,87.6,85,normal,flying,143.8,98.4,110,1556601,23.5,1496,Peck,Drill Peck,Brave Bird,5,7,3,50000
Magnezone,87.6,462,electric,steel,134.4,121.2,102,1661074,17,1497,Volt Switch,Wild Charge,Mirror Shot,3,3,3,50000
Sealeo (Shadow),87.6,364,ice,water,109,112.8,168,2065168,36,1500,Powder Snow,Surf,Body Slam,6,5,3,50000
Toucannon,87.5,733,normal,flying,137.3,96.8,123,1634212,20.5,1500,Peck,Beak Blast*,Drill Peck,7,5,1,10000
Victreebel,87.5,71,grass,poison,135.2,93.5,131,1656351,23,1498,Acid,Leaf Blade,Sludge Bomb,5,7,3,50000
Walrein (Shadow),87.5,365,ice,water,112.5,114.9,154,1990879,20.5,1500,Powder Snow*,Icicle Spear*,Earthquake,5,9,3,50000
Dewott (Shadow),87.4,502,water,none,124.1,99.8,146,1808108,35,1499,Fury Cutter,Aqua Tail,X-Scissor,9,10,3,10000
Azumarill,87.3,184,water,fairy,93.4,134.5,191,2399514,43,1499,Bubble,Ice Beam,Play Rough,5,6,3,50000
Gyarados,87.3,130,water,flying,130.8,108.5,121,1717312,16.5,1498,Dragon Breath,Aqua Tail*,Twister,9,10,1,10000
Blastoise,87.2,9,water,none,112.1,137.7,130,2007546,23,1500,Rollout,Hydro Cannon*,Skull Bash,4,6,3,10000
Lanturn,87.2,171,water,electric,104.8,105.5,194,2145463,27,1500,Water Gun,Surf,Thunderbolt,15,19,3,50000
Qwilfish (Shadow),87.1,211,water,poison,131.2,105.5,123,1702587,27,1497,Poison Sting,Aqua Tail,Shadow Ball,4,6,3,50000
Samurott (Shadow),87.1,503,water,none,128,100.9,136,1756037,19.5,1500,Fury Cutter,Hydro Cannon*,Megahorn,10,14,3,10000
Vespiquen,87,416,bug,flying,108.9,143.5,132,2061993,28,1499,Fury Cutter,X-Scissor,Power Gem,10,13,3,50000
Ninetales (Shadow),86.9,38,fire,none,114.4,135.5,126,1953716,24.5,1496,Ember*,Weather Ball (Fire),Energy Ball*,4,5,3,50000
Decidueye (Hisuian),86.8,724,grass,fighting,126.9,109.5,127,1764738,19,1499,Psycho Cut,Energy Ball,Aura Sphere,5,5,3,10000
Barbaracle,86.7,689,rock,water,121,133.1,115,1851007,20.5,1499,Fury Cutter,Cross Chop,Stone Edge,9,14,3,50000
Lumineon,86.5,457,water,none,109,137.4,137,2052476,32.5,1498,Gust,Aqua Tail,Silver Wind,3,4,3,50000
Palkia (Shadow),86.5,484,water,dragon,140.4,110,100,1543554,13.5,1473,Dragon Breath,Aqua Tail,Draco Meteor,9,17,20,100000
Ampharos,86.4,181,electric,none,126.8,107.9,129,1766112,19.5,1497,Volt Switch,Brutal Swing,Trailblaze,3,3,5,75000
Poliwrath,86.4,62,water,fighting,115.8,122,137,1936317,21.5,1500,Mud Shot,Icy Wind,Dynamic Punch,5,5,3,50000
Raikou (Shadow),86.4,243,electric,none,133.6,109.9,113,1659339,15.5,1489,Thunder Shock,Wild Charge,Aura Sphere,5,5,20,100000
Qwilfish,86.3,211,water,poison,131.2,105.5,123,1702587,27,1497,Poison Sting,Aqua Tail,Shadow Ball,4,6,3,50000
Raichu,86.3,26,electric,none,133.6,110.6,114,1684547,25.5,1500,Thunder Shock,Wild Charge,Trailblaze,5,5,1,10000
Blaziken,86.1,257,fire,fighting,143.9,90.8,119,1555953,19.5,1497,Ember,Aura Sphere,Blast Burn*,5,6,3,10000
Castform (Sunny),86.1,351,fire,none,112.6,121.3,146,1993800,39.5,1500,Ember,Weather Ball (Fire),Solar Beam,4,9,5,75000
Dondozo,86,977,water,none,104.6,109.7,187,2146006,18.5,1499,Waterfall,Surf,Outrage,5,6,5,75000
Gourgeist (Average),86,711,ghost,grass,115.9,145.1,115,1933691,23.5,1498,Incinerate,Shadow Ball,Seed Bomb,3,2,5,75000
Quaquaval,86,914,water,fighting,137.7,98.6,120,1629772,18,1499,Low Kick,Close Combat,Hydro Cannon*,6,5,3,10000
Venusaur,86,3,grass,poison,122.2,122.2,123,1835969,20.5,1500,Vine Whip,Frenzy Plant*,Sludge,6,5,3,10000
Wormadam (Trash),86,413,bug,steel,105,151.1,135,2141526,41,1500,Sucker Punch,Bug Buzz,Iron Head,9,8,1,10000
Venusaur (Shadow),85.9,3,grass,poison,122.2,122.2,123,1835969,20.5,1500,Vine Whip,Frenzy Plant*,Sludge,6,5,3,10000
Dewgong,85.8,87,water,ice,102,136.9,157,2192411,28.5,1498,Ice Shard*,Icy Wind*,Drill Run,5,4,3,50000
Ledian,85.8,166,bug,flying,101.4,162.5,134,2207885,49.5,1496,Rollout,Dynamic Punch,Acrobatics,4,5,1,10000
Abomasnow,85.7,460,grass,ice,117.9,112,143,1888173,23.5,1495,Powder Snow,Weather Ball (Ice),Energy Ball,5,6,3,50000
Amoonguss,85.7,591,grass,poison,109.3,105.9,177,2049605,26.5,1498,Astonish,Foul Play,Grass Knot,4,5,3,50000
Gourgeist (Large),85.7,711,ghost,grass,115.9,137.2,122,1940488,22,1500,Incinerate,Shadow Ball,Seed Bomb,3,2,5,75000
Linoone,85.7,264,normal,none,114.1,111.8,154,1965124,38.5,1497,Shadow Claw,Swift,Grass Knot,5,7,1,10000
Pawmot,85.7,923,electric,fighting,145.1,95.5,112,1551733,21,1500,Thunder Shock,Brick Break*,Wild Charge,5,5,3,75000
Rapidash (Shadow),85.7,78,fire,none,133.7,111.5,112,1669979,22.5,1499,Incinerate,Drill Run,Wild Charge*,2,3,3,50000
Ursaring (Shadow),85.7,217,normal,none,139.6,91.4,126,1607158,18.5,1500,Shadow Claw,Swift,Close Combat,5,6,3,50000
Abomasnow (Shadow),85.6,460,grass,ice,117.9,112,143,1888173,23.5,1495,Powder Snow,Weather Ball (Ice),Energy Ball,5,6,3,50000
Dewott,85.6,502,water,none,122.6,99.8,149,1822620,35,1496,Fury Cutter,Aqua Tail,X-Scissor,9,10,3,10000
Ferrothorn,85.6,598,grass,steel,107.1,152.7,128,2094247,24.5,1499,Bullet Seed,Power Whip,Thunder,4,5,3,75000
Gogoat,85.6,673,grass,none,119.7,95,165,1876484,19.5,1499,Vine Whip,Leaf Blade,Rock Slide,5,6,3,50000
Gourgeist (Super),85.6,711,ghost,grass,115.1,131.6,129,1953944,21,1500,Incinerate,Shadow Ball,Seed Bomb,3,2,5,75000
Poliwrath (Shadow),85.6,62,water,fighting,115.8,122,137,1936317,21.5,1500,Mud Shot,Icy Wind,Dynamic Punch,5,5,3,50000
Rufflet,85.6,627,normal,flying,126.7,92.2,152,1774904,46.5,1500,Peck,Brave Bird,Fly,7,6,5,75000
Chesnaught,85.4,652,grass,fighting,119.4,126.9,124,1878859,19,1497,Low Kick,Frenzy Plant*,Superpower,6,5,3,10000
Chesnaught (Shadow),85.3,652,grass,fighting,119.4,126.9,124,1878859,19,1497,Low Kick,Frenzy Plant*,Superpower,6,5,3,10000
Gastrodon,85.3,423,water,ground,113.2,103.4,168,1966737,24,1495,Mud Slap,Body Slam,Earth Power,4,5,3,50000
Trumbeak (Shadow),85.2,732,normal,flying,133.7,94.3,132,1664964,46,1492,Peck,Drill Peck,Rock Blast,5,5,1,10000
Magnezone (Shadow),85.1,462,electric,steel,134.4,121.2,102,1661074,17,1497,Volt Switch,Wild Charge,Mirror Shot,3,3,3,50000
Munchlax,85.1,446,normal,none,103.2,96.6,218,2172279,30,1499,Tackle,Body Slam,Bulldoze,12,15,5,10000
Swanna,85.1,581,water,flying,128.6,101.1,134,1741978,26.5,1497,Gust,Aqua Jet,Fly,3,4,3,50000
Blastoise (Shadow),85,9,water,none,112.1,137.7,130,2007546,23,1500,Rollout,Hydro Cannon*,Skull Bash,4,6,3,10000
Spinda,85,327,normal,none,110.1,110.1,142,1720678,50,1380,Sucker Punch,Rock Tomb,Icy Wind,8,7,3,50000
Tentacruel (Shadow),85,73,water,poison,108.9,143.5,131,2047453,23,1495,Acid,Scald,Payback,7,8,3,50000
Milotic (Shadow),84.9,350,water,none,113.2,133.9,131,1985080,18.5,1498,Waterfall,Aqua Tail,Wrap,4,5,5,75000
Raticate (Alolan),84.9,20,dark,normal,107.1,130.2,150,2090786,36.5,1497,Quick Attack,Crunch,Return<sup>†</sup>,6,9,1,10000
Zapdos (Shadow),84.9,145,electric,flying,138.1,103.5,112,1601039,15,1489,Thunder Shock*,Drill Peck,Heat Wave,5,5,20,100000
Greninja (Shadow),84.8,658,water,dark,139.6,100.4,115,1611397,21,1500,Water Shuriken,Hydro Cannon*,Night Slash,3,3,3,10000
Slowbro,84.8,80,water,psychic,113.4,120.9,144,1974848,22,1500,Confusion,Drain Punch,Ice Beam,3,4,3,50000
Spidops,84.8,918,bug,none,111,138.9,131,2019559,37.5,1497,Shadow Claw,Lunge,Rock Tomb,6,7,1,50000
Zapdos,84.8,145,electric,flying,135.7,104.7,115,1633229,15.5,1493,Thunder Shock*,Drill Peck,Heat Wave,5,5,20,100000
Heracross,84.7,214,bug,fighting,134.7,108.4,114,1664501,17.5,1500,Fury Cutter,Upper Hand,Rock Tomb,10,13,3,50000
Bellossom,84.6,182,grass,none,115.1,132.2,128,1947512,24.5,1498,Acid,Leaf Blade,Dazzling Gleam,5,7,3,50000
Swampert,84.6,260,water,ground,123,109.2,136,1825538,18.5,1499,Mud Shot,Hydro Cannon*,Earthquake,5,8,3,10000
Swanna (Shadow),84.6,581,water,flying,128.6,101.1,134,1741978,26.5,1497,Gust,Aqua Jet,Fly,3,4,3,50000
Feraligatr (Shadow),84.5,160,water,none,123.9,117.4,125,1817697,19.5,1500,Shadow Claw,Hydro Cannon*,Ice Beam,5,7,3,10000
Thundurus (Incarnate) (Shadow),84.5,642,electric,flying,148.1,95.5,107,1513826,16.5,1500,Thunder Shock,Thunder Punch,Brick Break,5,5,20,100000
Furfrou,84.4,676,normal,none,115.5,125.2,134,1937601,26.5,1496,Sucker Punch,Surf,Grass Knot,7,8,5,75000
Ledian (Shadow),84.4,166,bug,flying,101.4,162.5,134,2207885,49.5,1496,Rollout,Dynamic Punch,Acrobatics,4,5,1,10000
Gourgeist (Small),84.3,711,ghost,grass,116.9,153,107,1913042,25,1499,Incinerate,Shadow Ball,Seed Bomb,3,2,5,75000
Starmie (Shadow),84.3,121,water,psychic,133.2,122,104,1689998,21.5,1500,Psywave,Aqua Jet,Power Gem,10,13,3,50000
Vigoroth,84.3,288,normal,none,116.2,114.1,145,1923360,28.5,1497,Counter,Body Slam,Rock Slide,6,8,5,75000
Samurott (Hisuian),84.2,503,water,dark,132.6,96.8,132,1694230,20,1499,Fury Cutter,Sacred Sword,Icy Wind,9,12,3,10000
Magnemite (Shadow),84.1,81,electric,steel,147.8,113.6,90,1511610,49,1496,Volt Switch,Magnet Bomb,Discharge,3,3,3,50000
Oinkologne,84.1,916,normal,none,117.7,101.6,159,1900828,21.5,1496,Mud Slap*,Body Slam,Trailblaze,4,5,1,10000
Toxtricity,84.1,849,electric,poison,141.2,95.4,118,1589592,21.5,1500,Acid,Wild Charge,Power-Up Punch,6,5,5,75000
Ampharos (Shadow),84,181,electric,none,126.8,107.9,129,1766112,19.5,1497,Volt Switch,Brutal Swing,Trailblaze,3,3,5,75000
Bellossom (Shadow),84,182,grass,none,115.1,132.2,128,1947512,24.5,1498,Acid,Leaf Blade,Dazzling Gleam,5,7,3,50000
Marowak (Alolan),84,105,fire,ghost,109.6,148.9,125,2040576,31.5,1496,Fire Spin,Bone Club,Shadow Bone*,4,5,3,50000
Girafarig (Shadow),83.9,203,normal,psychic,130.3,101.6,130,1720655,27.5,1499,Confusion,Psychic Fangs,Trailblaze,3,4,3,50000
Orbeetle,83.8,826,bug,psychic,107.9,168.6,114,2075077,25.5,1496,Psycho Cut,Psyshock,Bug Buzz,5,7,1,10000
Starmie,83.8,121,water,psychic,133.2,122,104,1689998,21.5,1500,Psywave,Aqua Jet,Power Gem,10,13,3,50000
Dipplin,83.7,1011,grass,dragon,114.6,128.9,132,1949793,23.5,1499,Dragon Tail,Seed Bomb,Outrage,4,5,5,75000
Magneton,83.7,82,electric,steel,143.5,114.7,95,1562951,22,1499,Volt Switch,Magnet Bomb,Discharge,3,3,3,50000
Swampert (Shadow),83.7,260,water,ground,123,109.2,136,1825538,18.5,1499,Mud Shot,Hydro Cannon*,Earthquake,5,8,3,10000
Amoonguss (Shadow),83.6,591,grass,poison,109.3,105.9,177,2049605,26.5,1498,Astonish,Grass Knot,Foul Play,5,4,3,50000
Kartana,83.6,798,grass,steel,169.2,99.3,79,1327757,15,1500,Fury Cutter,Leaf Blade,Sacred Sword,9,9,20,100000
Ferrothorn (Shadow),83.5,598,grass,steel,107.1,152.7,128,2094247,24.5,1499,Bullet Seed,Power Whip,Thunder,4,5,3,75000
Vigoroth (Shadow),83.5,288,normal,none,116.2,114.1,145,1923360,28.5,1497,Counter,Body Slam,Rock Slide,6,8,5,75000
Electrode,83.4,101,electric,none,122.9,126.3,118,1831578,27,1500,Volt Switch,Discharge,Foul Play,3,3,3,50000
Greninja,83.4,658,water,dark,139.6,100.4,115,1611397,21,1500,Water Shuriken,Hydro Cannon*,Night Slash,3,3,3,10000
Lopunny,83.4,428,normal,none,112.1,143.6,124,1996020,27.5,1499,Low Kick,Thunder Punch,Shadow Ball,5,7,3,50000
Zeraora,83.4,807,electric,none,138.3,101,114,1592349,15.5,1484,Volt Switch,Plasma Fists,Wild Charge,3,3,20,100000
Dedenne,83.3,702,electric,fairy,124.4,109,133,1803653,30,1498,Thunder Shock,Discharge,Play Rough,5,7,3,50000
Politoed (Shadow),83.3,186,water,none,114,124.3,139,1970072,23,1498,Mud Shot,Weather Ball (Water),Ice Beam*,4,7,3,50000
Quagsire,83.3,195,water,ground,111.3,112.7,161,2018332,28.5,1499,Mud Shot,Aqua Tail*,Mud Bomb,4,5,3,50000
Electivire (Shadow),83.2,466,electric,none,143.4,100.9,108,1562263,18,1498,Thunder Shock,Ice Punch,Wild Charge,5,5,5,75000
Marowak (Alolan) (Shadow),83.2,105,fire,ghost,109.6,148.9,125,2040576,31.5,1496,Fire Spin,Shadow Bone*,Bone Club,5,4,3,50000
Wigglytuff,83.1,40,normal,fairy,115.1,75.5,223,1938893,29,1493,Charm,Icy Wind,Swift,6,5,1,10000
Electrode (Shadow),83,101,electric,none,122.9,126.3,118,1831578,27,1500,Volt Switch,Discharge,Foul Play,3,3,3,50000
Servine,83,496,grass,none,105.9,140.3,142,2109814,50,1494,Vine Whip,Grass Knot,Wrap,7,6,3,10000
Blacephalon,82.9,806,fire,ghost,173.6,88.4,84,1290131,16.5,1497,Incinerate,Mind Blown*,Shadow Ball,2,3,20,100000
Milotic,82.9,350,water,none,113.2,133.9,131,1985080,18.5,1498,Waterfall,Aqua Tail,Wrap,4,5,5,75000
Quagsire (Shadow),82.9,195,water,ground,111.3,112.7,161,2018332,28.5,1499,Mud Shot,Aqua Tail*,Mud Bomb,4,5,3,50000
Coalossal,82.8,839,rock,fire,98.2,139.4,167,2285184,24,1500,Fire Spin,Rock Slide,Flame Charge,5,5,3,10000
Farfetch'd,82.8,83,normal,flying,116.8,109.2,131,1671469,50,1397,Fury Cutter,Leaf Blade,Aerial Ace,9,12,3,50000
Lurantis,82.8,754,grass,none,126.2,117.9,119,1770422,23,1495,Leafage,Leaf Blade,Superpower,5,5,3,50000
Flapple,82.7,841,grass,dragon,138.1,100.1,117,1618070,22.5,1500,Dragon Breath,Seed Bomb,Dragon Pulse,10,14,5,75000
Ludicolo,82.7,272,water,grass,116.5,123.7,134,1930725,24,1500,Astonish,Weather Ball (Water),Energy Ball,4,5,3,50000
Pidgeot (Shadow),82.7,18,normal,flying,116.9,115.5,142,1917898,26.5,1499,Gust*,Air Cutter*,Brave Bird,3,4,1,10000
Squawkabilly,82.7,931,normal,flying,133.6,84.8,147,1665931,28,1492,Peck,Brave Bird,Fly,7,6,3,75000
Toedscruel,82.7,949,ground,grass,108.9,143.5,131,2047453,23,1495,Mud Slap,Seed Bomb,Earth Power,4,5,3,50000
Trumbeak,82.7,732,normal,flying,134.1,93.3,134,1675846,48.5,1499,Peck,Drill Peck,Rock Blast,5,5,1,10000
Feraligatr,82.3,160,water,none,123.9,117.4,125,1817697,19.5,1500,Shadow Claw,Hydro Cannon*,Ice Beam,5,7,3,10000
Obstagoon (Shadow),82.3,862,dark,normal,113.2,127.9,137,1985019,21,1500,Counter,Cross Chop,Night Slash,6,6,3,10000
Rapidash,82.3,78,fire,none,133.7,111.5,112,1669979,22.5,1499,Incinerate,Drill Run,Wild Charge*,2,3,3,50000
Serperior,82.1,497,grass,none,110.2,142.3,130,2038328,25,1500,Vine Whip,Frenzy Plant*,Aerial Ace,6,6,3,10000
Magnemite,82,81,electric,steel,147.8,113.6,90,1511610,49,1496,Volt Switch,Magnet Bomb,Discharge,3,3,3,50000
Slowbro (Shadow),81.9,80,water,psychic,113.4,120.9,144,1974848,22,1500,Confusion,Drain Punch,Ice Beam,3,4,3,50000
Typhlosion (Shadow),81.9,157,fire,none,132.8,108.9,117,1691315,19,1498,Incinerate,Blast Burn*,Thunder Punch,3,2,3,10000
Meganium,81.7,154,grass,none,110.8,139,131,2018472,23,1497,Vine Whip,Frenzy Plant*,Earthquake,6,9,3,10000
Noctowl (Shadow),81.7,164,normal,flying,105.3,120.2,168,2126381,28,1500,Wing Attack,Sky Attack,Shadow Ball,7,7,1,10000
Thundurus (Incarnate),81.7,642,electric,flying,148.1,95.5,107,1513826,16.5,1500,Thunder Shock,Thunder Punch,Brick Break,5,5,20,100000
Pumpkaboo (Super),81.6,710,ghost,grass,111.8,113.4,141,1787612,50,1414,Astonish,Foul Play,Grass Knot,4,5,5,75000
Genesect,81.5,649,bug,steel,141.1,111.7,100,1575465,16,1498,Fury Cutter,X-Scissor,Techno Blast (Normal)*,10,14,20,100000
Girafarig,81.5,203,normal,psychic,130.3,101.6,130,1720655,27.5,1499,Confusion,Psychic Fangs,Trailblaze,3,4,3,50000
Magneton (Shadow),81.5,82,electric,steel,143.5,114.7,95,1562951,22,1499,Thunder Shock,Discharge,Magnet Bomb,5,5,3,50000
Trevenant,81.5,709,ghost,grass,127.8,104.6,131,1752077,22,1499,Shadow Claw,Seed Bomb,Shadow Ball,5,7,5,75000
Primarina,81.4,730,water,fairy,131.6,115.7,112,1705342,17,1500,Waterfall,Disarming Voice,Hydro Cannon*,5,4,3,10000
Sceptile (Shadow),81.4,254,grass,none,135.6,109.3,111,1645623,20,1498,Fury Cutter,Leaf Blade,Breaking Swipe,9,13,3,10000
Torkoal,81.4,324,fire,none,107.6,151.3,128,2083996,27,1499,Ember,Flame Wheel,Overheat,5,7,3,50000
Roserade,81.3,407,grass,poison,141.9,114.3,97,1574006,18.5,1499,Poison Sting,Weather Ball (Fire)*,Leaf Storm,4,7,3,50000
Seismitoad,81.2,537,water,ground,120.3,100.9,154,1868887,22,1500,Mud Shot,Earth Power,Icy Wind,6,5,3,50000
Magcargo,81.1,219,fire,rock,110.9,156.4,117,2029369,36.5,1500,Ember,Rock Tomb,Overheat,6,7,1,10000
Obstagoon,81.1,862,dark,normal,113.2,127.9,137,1985019,21,1500,Counter,Night Slash,Cross Chop,6,6,3,10000
Politoed,81.1,186,water,none,114,124.3,139,1970072,23,1498,Mud Shot,Weather Ball (Water),Ice Beam*,4,7,3,50000
Ursaring,81.1,217,normal,none,139.6,91.4,126,1607158,18.5,1500,Shadow Claw,Swift,Close Combat,5,6,3,50000
Kangaskhan,81,115,normal,none,114.6,110.9,153,1943857,21.5,1495,Low Kick,Brick Break*,Crunch,5,6,3,50000
Sceptile,81,254,grass,none,135.6,109.3,111,1645623,20,1498,Fury Cutter,Leaf Blade,Breaking Swipe,9,13,3,10000
Wailmer,81,320,water,none,116.6,68.3,242,1926826,48.5,1499,Rollout,Scald,Body Slam,4,3,1,10000
Wailmer (Shadow),81,320,water,none,116.6,68.3,242,1926826,48.5,1499,Rollout,Scald,Body Slam,4,3,1,10000
Dewgong (Shadow),80.9,87,water,ice,102,136.9,157,2192411,28.5,1498,Ice Shard*,Aqua Jet*,Drill Run,4,4,3,50000
Snorlax (Shadow),80.9,143,normal,none,108.4,102.3,187,2073265,17.5,1500,Lick,Body Slam,Superpower,12,14,5,75000
Electivire,80.8,466,electric,none,143.4,100.9,108,1562263,18,1498,Thunder Shock,Ice Punch,Wild Charge,5,5,5,75000
Hydrapple,80.8,1019,grass,dragon,122.3,110.7,136,1841044,17,1500,Dragon Tail,Seed Bomb,Outrage,4,5,5,75000
Raichu (Alolan),80.8,26,electric,psychic,135.5,109.9,111,1653242,24,1498,Thunder Shock,Wild Charge,Trailblaze,5,5,1,10000
Trevenant (Shadow),80.8,709,ghost,grass,127.8,104.6,131,1752077,22,1499,Shadow Claw,Shadow Ball,Foul Play,7,5,5,75000
Vikavolt (Shadow),80.8,738,bug,electric,144.2,96.7,111,1547210,17.5,1494,Volt Switch*,X-Scissor,Discharge,3,3,1,10000
Bruxish,80.7,779,water,psychic,136.5,102.5,117,1636557,23,1495,Confusion,Aqua Tail,Psychic Fangs,3,3,3,50000
Lokix,80.7,920,bug,dark,132.9,104.1,122,1686502,24,1499,Sucker Punch,X-Scissor,Trailblaze,6,7,1,50000
Reshiram (Shadow),80.7,643,dragon,fire,138.4,109,107,1613964,13.5,1498,Dragon Breath,Fusion Flare*,Draco Meteor,12,17,20,100000
Tropius,80.7,357,grass,flying,101.4,128.1,170,2208146,29,1498,Air Slash,Leaf Blade,Brutal Swing,4,4,5,75000
Castform (Rainy),80.6,351,water,none,112.6,121.3,146,1993800,39.5,1500,Water Gun,Weather Ball (Water),Thunder,12,20,5,75000
Tauros (Aqua),80.6,128,fighting,water,127.8,120.7,114,1758735,20,1500,Double Kick,Aqua Jet,Trailblaze,4,4,3,50000
Zangoose,80.6,335,normal,none,144.8,87.8,122,1550367,23,1500,Fury Cutter,Close Combat,Night Slash,12,9,3,50000
Armarouge,80.5,936,fire,psychic,132.2,109.6,117,1695222,17,1499,Incinerate,Psyshock,Heat Wave,2,3,5,50000
Graveler (Alolan) (Shadow),80.5,75,rock,electric,122.6,129.9,115,1831483,29.5,1500,Volt Switch,Stone Edge,Rock Blast,4,3,1,10000
Raticate (Alolan) (Shadow),80.5,20,dark,normal,107.1,130.2,150,2090786,36.5,1497,Quick Attack,Crunch,Hyper Beam,6,10,1,10000
Camerupt,80.1,323,fire,ground,133.6,100.5,125,1678150,25.5,1499,Incinerate,Earth Power,Rock Tomb,3,3,3,50000
Golem (Alolan) (Shadow),80.1,76,rock,electric,125.2,122.3,117,1791042,19,1497,Volt Switch,Wild Charge,Rock Blast,3,3,1,10000
Kabutops,80.1,141,rock,water,135.5,119.8,102,1654897,20.5,1498,Fury Cutter*,Aqua Jet,Stone Edge,10,14,5,75000
Pinsir (Shadow),80.1,127,bug,none,139.6,112.6,102,1603789,18.5,1498,Fury Cutter,Close Combat,X-Scissor,12,10,5,75000
Bewear (Shadow),80,760,normal,fighting,129.6,87.2,153,1729276,17.5,1497,Shadow Claw,Superpower,Stomp,5,5,1,10000
Kleavor,80,900,bug,rock,143.6,104.5,104,1560876,17.5,1500,Fury Cutter,X-Scissor,Rock Slide,10,12,5,75000
Marshtomp,80,259,water,ground,119.9,111.5,140,1871384,34.5,1499,Mud Shot,Surf,Sludge,5,5,3,10000
Servine (Shadow),80,496,grass,none,105.9,140.3,142,2109814,50,1494,Vine Whip,Grass Knot,Wrap,7,6,3,10000
Typhlosion (Hisuian),79.8,157,fire,ghost,139.6,106.9,108,1611490,18.5,1500,Ember,Shadow Ball,Wild Charge,6,5,3,10000
Vikavolt,79.8,738,bug,electric,144.2,96.7,111,1547210,17.5,1494,Volt Switch*,X-Scissor,Fly,3,3,1,10000
Dhelmise,79.7,781,ghost,grass,139.8,109.3,105,1604674,20,1498,Shadow Claw,Power Whip,Brutal Swing,7,5,5,50000
Beedrill,79.6,15,bug,poison,127.1,106.5,130,1760459,30.5,1500,Poison Sting,X-Scissor,Drill Run*,5,5,1,10000
Fletchinder (Shadow),79.6,662,fire,flying,123.3,102.6,143,1810501,47.5,1495,Peck,Fly,Heat Wave,6,6,1,10000
Pumpkaboo (Large),79.6,710,ghost,grass,113.4,115.1,133,1736900,50,1406,Astonish,Foul Play,Grass Knot,4,5,5,75000
Whiscash (Shadow),79.6,340,water,ground,107.6,108.3,178,2073839,27,1495,Mud Shot,Mud Bomb,Scald,5,6,1,10000
Escavalier,79.5,589,bug,steel,132.2,117.6,108,1679048,19,1495,Bug Bite,Drill Run,Razor Shell*,14,12,3,50000
Staraptor (Shadow),79.5,398,normal,flying,140.4,90.8,125,1594214,19.5,1496,Wing Attack,Fly,Close Combat,6,6,1,10000
Whiscash,79.5,340,water,ground,107.6,108.3,178,2073839,27,1495,Mud Shot,Mud Bomb,Scald,5,6,1,10000
Armaldo (Shadow),79.4,348,rock,bug,133.9,109.1,115,1680484,19.5,1500,Fury Cutter,Rock Blast,Liquidation,10,12,3,50000
Scolipede,79.4,545,bug,poison,131.8,120.4,107,1697847,22.5,1496,Poison Sting,Aqua Tail,Megahorn,4,7,1,10000
Victini,79.4,494,psychic,fire,120.5,119.4,129,1855163,16.5,1498,Confusion,V-Create,Psyshock,3,3,20,100000
Galvantula,79.3,596,bug,electric,138.3,96.5,122,1627493,25.5,1500,Volt Switch,Discharge,Lunge,3,3,3,50000
Graveler (Alolan),79.3,75,rock,electric,121.5,131,116,1845378,30,1499,Volt Switch,Stone Edge,Rock Blast,4,3,1,10000
Bewear,79.2,760,normal,fighting,129.6,87.2,153,1729276,17.5,1497,Shadow Claw,Superpower,Stomp,5,5,1,10000
Magmar (Shadow),79.2,126,fire,none,135.2,107.6,114,1658602,23,1497,Karate Chop,Fire Punch,Scorching Sands,5,6,5,75000
Kabutops (Shadow),79,141,rock,water,135.5,119.8,102,1654897,20.5,1498,Fury Cutter*,Aqua Jet,Stone Edge,10,14,5,75000
Marshtomp (Shadow),79,259,water,ground,120.4,111.4,139,1864979,33.5,1500,Mud Shot,Surf,Sludge,5,5,3,10000
Venomoth (Shadow),79,49,bug,poison,127,107.6,129,1763077,27,1497,Psywave,Poison Fang,Silver Wind,10,12,3,50000
Decidueye,78.9,724,grass,ghost,127.8,115.3,119,1754076,20,1500,Leafage,Frenzy Plant*,Spirit Shackle,6,5,3,10000
Kilowattrel,78.9,941,electric,flying,143.2,92.5,118,1563295,22.5,1499,Thunder Shock,Acrobatics,Aerial Ace,7,5,1,10000
Shiftry (Shadow),78.9,275,grass,dark,133.4,88.1,143,1680081,23.5,1497,Snarl,Leaf Blade,Foul Play,3,4,3,50000
Whimsicott,78.9,547,grass,fairy,118.8,135,118,1892000,28,1499,Fairy Wind,Seed Bomb,Moonblast,5,7,1,10000
Fletchinder,78.8,662,fire,flying,123.3,102.6,143,1810501,47.5,1495,Peck,Fly,Heat Wave,6,6,1,10000
Skeledirge,78.8,911,fire,ghost,121.2,109.7,139,1849333,18.5,1500,Incinerate,Torch Song,Shadow Ball,3,3,3,10000
Wailord,78.8,321,water,none,118.4,67.4,237,1891875,24.5,1497,Rollout,Surf,Return<sup>†</sup>,4,6,1,10000
Ariados,78.6,168,bug,poison,124.2,103.9,140,1806211,33.5,1497,Poison Sting,Lunge,Trailblaze,5,5,1,10000
Magmar,78.6,126,fire,none,135.2,107.6,114,1658602,23,1497,Karate Chop,Fire Punch,Scorching Sands,5,6,5,75000
Typhlosion,78.6,157,fire,none,132.8,108.9,117,1691315,19,1498,Incinerate,Blast Burn*,Thunder Punch,3,2,3,10000
Camerupt (Shadow),78.4,323,fire,ground,133.6,100.5,125,1678150,25.5,1499,Incinerate,Earth Power,Rock Tomb,3,3,3,50000
Escavalier (Shadow),78.4,589,bug,steel,132.2,117.6,108,1679048,19,1495,Bug Bite,Drill Run,Razor Shell*,14,12,3,50000
Galvantula (Shadow),78.4,596,bug,electric,138.3,96.5,122,1627493,25.5,1500,Volt Switch,Discharge,Lunge,3,3,3,50000
Magmortar (Shadow),78.4,467,fire,none,140.8,104.5,108,1589375,17.5,1498,Karate Chop,Fire Punch,Thunderbolt*,5,7,5,75000
Scyther (Shadow),78.4,123,bug,flying,134.9,109.5,113,1668474,20.5,1500,Fury Cutter,X-Scissor,Night Slash,10,9,5,75000
Eelektrik,78.3,603,electric,none,122.3,110.1,136,1831304,35.5,1497,Acid,Discharge,Crunch,5,6,1,10000
Lampent (Shadow),78.3,608,ghost,fire,132.5,99,129,1692369,35,1500,Ember,Heat Wave,Energy Ball,5,5,5,75000
Maushold,78.2,925,normal,none,116.2,122,136,1928003,28.5,1498,Mud Shot,Swift,Crunch,4,5,1,10000
Beedrill (Shadow),78.1,15,bug,poison,127.1,106.5,130,1760459,30.5,1500,Poison Sting,X-Scissor,Drill Run*,5,5,1,10000
Meowscarada,78.1,908,grass,dark,140.4,99.1,115,1600011,19.5,1498,Leafage,Night Slash,Frenzy Plant*,5,6,3,10000
Golem (Alolan),77.9,76,rock,electric,125.2,122.3,117,1791042,19,1497,Volt Switch,Wild Charge,Rock Blast,3,3,1,10000
Scizor,77.9,212,bug,steel,137.9,112,105,1622257,18.5,1500,Bullet Punch,Night Slash,Trailblaze,5,7,5,75000
Staravia (Shadow),77.9,397,normal,flying,131.9,91.6,135,1631281,50,1468,Wing Attack,Brave Bird,Fly,7,6,1,10000
Torterra,77.9,389,grass,ground,119.9,117,133,1867141,19,1498,Mud Slap,Frenzy Plant*,Sand Tomb,5,4,3,10000
Scizor (Shadow),77.7,212,bug,steel,137.9,112,105,1622257,18.5,1500,Bullet Punch,Night Slash,Trailblaze,5,7,5,75000
Snorlax,77.7,143,normal,none,108.4,102.3,187,2073265,17.5,1500,Lick,Body Slam,Superpower,12,14,5,75000
Magby,77.6,240,fire,none,139.5,95.8,120,1603478,50,1496,Karate Chop,Fire Punch,Brick Break,5,5,5,10000
Pawmo,77.5,922,electric,fighting,136.1,81.5,142,1575592,50,1468,Thunder Shock,Wild Charge,Thunder Punch,5,5,3,75000
Quaxwell,77.5,913,water,none,125.4,103.5,138,1792214,34,1500,Wing Attack,Aqua Jet,Aerial Ace,5,6,3,10000
Staravia,77.4,397,normal,flying,131.9,91.6,135,1631281,50,1468,Wing Attack,Brave Bird,Fly,7,6,1,10000
Talonflame,77.4,663,fire,flying,121.4,112.7,135,1846682,25.5,1500,Incinerate*,Fly,Brave Bird,3,3,1,10000
Kricketune,77.3,402,bug,none,127.7,89.6,153,1750786,38,1497,Fury Cutter,X-Scissor,Aerial Ace,10,12,1,10000
Pumpkaboo (Average),77.2,710,ghost,grass,114.3,116,126,1669772,50,1381,Astonish,Foul Play,Grass Knot,4,5,5,75000
Tauros (Blaze),77.2,128,fighting,fire,127.8,120.7,114,1758735,20,1500,Double Kick,Flame Charge,Trailblaze,5,4,3,50000
Celebi,77.1,251,psychic,grass,120.5,119.4,129,1855163,16.5,1498,Confusion,Aura Sphere,Leaf Storm,3,4,20,100000
Quilladin,77.1,651,grass,none,115,130.2,130,1946835,35,1497,Vine Whip,Energy Ball,Body Slam,6,5,3,10000
Electabuzz,77,125,electric,none,130.9,113.2,115,1704150,24,1498,Thunder Shock,Thunder Punch,Return<sup>†</sup>,5,8,5,75000
Parasect,77,47,bug,grass,124.2,118.3,123,1806701,30.5,1500,Fury Cutter,X-Scissor,Cross Poison,10,9,3,50000
Wartortle,77,8,water,none,107.6,139.1,139,2080282,47.5,1496,Water Gun,Aqua Jet,Ice Beam,14,19,3,10000
Venomoth,76.9,49,bug,poison,127,107.6,129,1763077,27,1497,Psywave,Poison Fang,Silver Wind,10,12,3,50000
Incineroar,76.8,727,fire,dark,125.3,109.2,131,1791290,18.5,1497,Fire Fang,Brutal Swing,Blast Burn*,6,9,3,10000
Linoone (Galarian),76.7,264,dark,normal,114.1,111.8,154,1965124,38.5,1497,Snarl,Body Slam,Dig,3,4,1,10000
Cacturne,76.6,332,grass,dark,147.2,85.1,121,1515811,24,1498,Sucker Punch,Trailblaze,Dynamic Punch,7,7,3,50000
Wailord (Shadow),76.6,321,water,none,118.4,67.4,237,1891875,24.5,1497,Rollout,Surf,Hyper Beam,4,7,1,10000
Charizard (Shadow),76.5,6,fire,flying,132.8,108.9,117,1691315,19,1498,Ember*,Blast Burn*,Air Cutter,6,4,3,10000
Quilladin (Shadow),76.5,651,grass,none,115,130.2,130,1946835,35,1497,Vine Whip,Energy Ball,Body Slam,6,5,3,10000
Salazzle,76.5,758,poison,fire,147,91.2,114,1529161,22.5,1499,Incinerate,Poison Fang,Dragon Pulse,2,3,3,50000
Shiinotic,76.5,756,grass,fairy,116.6,134.3,123,1925196,31,1499,Astonish,Seed Bomb,Moonblast,4,6,3,50000
Meganium (Shadow),76.4,154,grass,none,110.8,139,131,2018472,23,1497,Vine Whip,Frenzy Plant*,Earthquake,6,9,3,10000
Scolipede (Shadow),76.4,545,bug,poison,131.8,120.4,107,1697847,22.5,1496,Poison Sting,Aqua Tail,X-Scissor,4,5,1,10000
Wyrdeer,76.4,899,normal,psychic,126.6,95.6,146,1767417,20,1497,Confusion,Stomp,Wild Charge,3,4,5,75000
Shiftry,76.2,275,grass,dark,133.4,88.1,143,1680081,23.5,1497,Snarl,Leaf Blade,Foul Play,3,4,3,50000
Swellow,76.2,277,normal,flying,136,100,121,1645136,29,1499,Wing Attack,Brave Bird,Aerial Ace,7,6,1,10000
Weepinbell,76.2,70,grass,poison,137.9,84.8,139,1626595,40.5,1500,Acid,Power Whip,Seed Bomb,7,5,3,50000
Grovyle,76.1,253,grass,none,136.3,103.2,117,1646572,36.5,1498,Quick Attack,Leaf Blade,Aerial Ace,5,6,3,10000
Leavanny,76.1,542,bug,grass,129.5,110.3,121,1727030,21.5,1497,Shadow Claw*,Leaf Blade,X-Scissor,5,5,1,10000
Linoone (Galarian) (Shadow),76.1,264,dark,normal,114.1,111.8,154,1965124,38.5,1497,Snarl,Body Slam,Dig,3,4,1,10000
Slowpoke,76.1,79,water,psychic,104.2,95,186,1840271,50,1386,Confusion,Psyshock,Water Pulse,3,4,3,50000
Bibarel (Shadow),76,400,normal,water,123,99.3,149,1818797,31.5,1498,Rollout,Surf,Hyper Fang,4,4,1,10000
Carkol,76,838,rock,fire,97.1,141.5,168,2308407,46.5,1500,Smack Down,Rock Slide,Flame Charge,6,7,3,10000
Bayleef,75.9,153,grass,none,105.6,141.6,142,2122414,49.5,1499,Magical Leaf,Ancient Power,Energy Ball,5,5,3,10000
Frillish,75.9,592,water,ghost,109.2,125.2,135,1846427,50,1421,Hex,Night Shade,Ice Beam,4,5,3,50000
Geodude (Alolan) (Shadow),75.9,74,rock,electric,123.5,123.5,113,1724177,50,1462,Volt Switch,Rock Tomb,Rock Slide,4,3,1,10000
Palpitoad,75.9,536,water,ground,116.2,103,161,1926840,48,1500,Mud Shot,Earth Power,Water Pulse,6,6,3,50000
Tangrowth,75.9,465,grass,none,120.7,112.8,136,1851661,18,1495,Vine Whip,Power Whip,Rock Slide,7,6,3,50000
Pinsir,75.8,127,bug,none,139.6,112.6,102,1603789,18.5,1498,Fury Cutter,Close Combat,X-Scissor,12,10,5,75000
Chatot,75.7,441,normal,flying,139.6,78.4,147,1609663,32.5,1499,Peck,Sky Attack,Heat Wave,7,6,5,75000
Grafaiai,75.7,945,poison,normal,134.2,107.8,115,1663690,24.5,1498,Mud Slap,Poison Fang,Sludge Bomb,4,5,3,50000
Shiinotic (Shadow),75.7,756,grass,fairy,116.6,134.3,123,1925196,31,1499,Astonish,Seed Bomb,Moonblast,4,6,3,50000
Staraptor,75.7,398,normal,flying,140.4,90.8,125,1594214,19.5,1496,Wing Attack,Fly,Close Combat,6,6,1,10000
Armaldo,75.6,348,rock,bug,133.9,109.1,115,1680484,19.5,1500,Fury Cutter,Rock Blast,Liquidation,10,12,3,50000
Durant,75.6,632,bug,steel,135.3,122.4,100,1656336,21,1499,Bug Bite,X-Scissor,Stone Edge,14,19,3,50000
Kabuto (Shadow),75.6,140,rock,water,134.5,129.5,96,1671529,49,1499,Mud Shot,Aqua Jet,Rock Tomb,5,6,5,75000
Bouffalant,75.5,626,normal,none,118.9,115.9,137,1887582,20,1500,Mud Shot,Stomp,Megahorn,5,7,3,50000
Cacturne (Shadow),75.5,332,grass,dark,147.2,85.1,121,1515811,24,1498,Sucker Punch,Trailblaze,Dynamic Punch,7,7,3,50000
Crawdaunt (Shadow),75.5,342,water,dark,144.7,98.4,109,1551934,22,1498,Waterfall,Night Slash,Scald,4,5,3,50000
Ivysaur,75.5,2,grass,poison,118.7,121.1,131,1883144,37.5,1500,Vine Whip,Power Whip,Sludge Bomb,7,7,3,10000
Magmortar,75.5,467,fire,none,140.8,104.5,108,1589375,17.5,1498,Karate Chop,Fire Punch,Thunderbolt*,5,7,5,75000
Golduck,75.3,55,water,none,124.2,112.2,129,1796871,22.5,1499,Confusion,Cross Chop,Liquidation,3,4,3,50000
Golduck (Shadow),75.3,55,water,none,124.2,112.2,129,1796871,22.5,1499,Confusion,Cross Chop,Liquidation,3,4,3,50000
Swadloon,75.3,541,bug,grass,106.7,146.2,135,2106471,50,1500,Bug Bite,Energy Ball,Silver Wind,15,15,1,10000
Bibarel,75.2,400,normal,water,123,99.3,149,1818797,31.5,1498,Rollout,Surf,Hyper Fang,4,4,1,10000
Braixen (Shadow),75.2,654,fire,none,130.6,107,123,1718256,31,1499,Ember,Psyshock,Flame Charge,5,6,3,10000
Lampent,75.2,608,ghost,fire,132.5,99,129,1692369,35,1500,Ember,Heat Wave,Energy Ball,5,5,5,75000
Scyther,75.2,123,bug,flying,134.9,109.5,113,1668474,20.5,1500,Fury Cutter,X-Scissor,Night Slash,10,9,5,75000
Suicune,75.2,245,water,none,106.3,143.1,137,2083417,18.5,1489,Ice Fang,Bubble Beam,Scald,7,9,20,100000
Zebstrika (Shadow),75.2,523,electric,none,137.7,95.5,124,1630392,23,1500,Low Kick,Wild Charge,Discharge,6,5,3,50000
Delphox (Shadow),75.1,655,fire,psychic,132.6,115.6,110,1686664,18,1499,Fire Spin,Psyshock,Blast Burn*,4,5,3,10000
Combusken (Shadow),75,256,fire,fighting,130.4,100.9,131,1723138,37.5,1499,Ember,Rock Slide,Flame Charge,5,6,3,10000
Elekid,75,239,electric,none,126,97.5,120,1474345,50,1364,Thunder Shock,Thunder Punch,Brick Break,5,5,5,10000
Growlithe (Hisuian),75,58,fire,rock,131.9,89.9,142,1684382,50,1495,Ember,Rock Slide,Flamethrower,5,7,3,50000
Tapu Fini,75,788,water,fairy,115.9,158.3,105,1926493,20,1495,Water Gun,Surf,Nature's Madness*,15,17,20,100000
Combusken,74.9,256,fire,fighting,130.4,100.9,131,1723138,37.5,1499,Ember,Rock Slide,Flame Charge,5,6,3,10000
Leafeon,74.8,470,grass,none,128.1,133.9,102,1749898,19,1500,Quick Attack,Leaf Blade,Last Resort*,5,7,5,75000
Zebstrika,74.8,523,electric,none,137.7,95.5,124,1630392,23,1500,Low Kick,Wild Charge,Flame Charge,6,7,3,50000
Talonflame (Shadow),74.7,663,fire,flying,121.4,112.7,135,1846682,25.5,1500,Incinerate*,Flame Charge,Fly,3,3,1,10000
Arcanine (Shadow),74.6,59,fire,none,132.1,102.6,125,1693302,18,1496,Fire Fang,Wild Charge,Psychic Fangs,8,6,3,50000
Chansey,74.6,113,normal,none,63,120.2,421,3188219,50,1418,Zen Headbutt,Dazzling Gleam,Psychic,10,10,5,75000
Electabuzz (Shadow),74.6,125,electric,none,132.2,112.6,114,1696362,24,1500,Thunder Shock,Thunder Punch,Thunderbolt,5,7,5,75000
Monferno (Shadow),74.6,391,fire,fighting,129.6,96,139,1730680,42,1499,Ember,Flame Wheel,Low Sweep,5,5,3,10000
Pumpkaboo (Small),74.5,710,ghost,grass,115.1,116.8,119,1600115,50,1359,Astonish,Foul Play,Grass Knot,4,5,5,75000
Torterra (Shadow),74.5,389,grass,ground,119.9,117,133,1867141,19,1498,Mud Slap,Frenzy Plant*,Sand Tomb,5,4,3,10000
Wormadam (Sandy),74.5,413,bug,ground,110,144.9,128,2040195,34.5,1499,Sucker Punch,Bug Buzz,Bulldoze,9,7,1,10000
Growlithe (Shadow),74.3,58,fire,none,126.9,90.8,135,1554545,50,1405,Ember,Flame Wheel,Body Slam,5,4,3,50000
Heatran,74.2,485,fire,steel,133,112.3,113,1686996,15,1499,Fire Spin,Magma Storm*,Earth Power,4,5,20,100000
Manectric,74.2,310,electric,none,142.5,91.3,121,1574038,23.5,1498,Thunder Fang,Psychic Fangs,Wild Charge,6,8,3,50000
Serperior (Shadow),74.2,497,grass,none,110.2,142.3,130,2038328,25,1500,Vine Whip,Frenzy Plant*,Leaf Tornado,6,5,3,10000
Slowpoke (Shadow),74.2,79,water,psychic,104.2,95,186,1840271,50,1386,Confusion,Psyshock,Water Pulse,3,4,3,50000
Geodude (Alolan),74.1,74,rock,electric,123.5,123.5,113,1724177,50,1462,Volt Switch,Rock Tomb,Rock Slide,4,3,1,10000
Kabuto,74.1,140,rock,water,134.5,129.5,96,1671529,49,1499,Mud Shot,Aqua Jet,Rock Tomb,5,6,5,75000
Regieleki,74,894,electric,none,149.8,82.6,119,1472474,19.5,1489,Volt Switch,Thunder Cage*,Hyper Beam,3,5,20,100000
Heatran (Shadow),73.9,485,fire,steel,130.7,115.5,110,1660650,14.5,1479,Fire Spin,Magma Storm*,Earth Power,4,5,20,100000
Urshifu (Rapid Strike),73.9,892,fighting,water,136.6,97.8,121,1616195,15,1489,Counter,Aqua Jet,Dynamic Punch,7,8,20,100000
Wormadam (Plant),73.9,413,bug,grass,110,144.9,128,2040195,34.5,1499,Sucker Punch,Energy Ball,Bug Buzz,7,9,1,10000
Charizard,73.8,6,fire,flying,132.8,108.9,117,1691315,19,1498,Ember*,Blast Burn*,Air Cutter,6,4,3,10000
Moltres (Shadow),73.8,146,fire,flying,139.9,102,112,1598740,15.5,1499,Wing Attack,Fly,Heat Wave,6,6,20,100000
Pignite,73.8,499,fire,fighting,127.3,87,158,1751280,29,1497,Ember,Rock Tomb,Flame Charge,6,6,3,10000
Crocalor,73.7,910,fire,none,119.4,105.8,148,1869076,29,1494,Incinerate,Crunch,Flamethrower,3,3,3,10000
Aipom,73.6,190,normal,none,124.4,106.7,135,1791711,50,1494,Astonish,Swift,Aerial Ace,4,5,3,50000
Buzzwole,73.6,794,bug,fighting,128.2,111.7,122,1747334,16,1499,Counter,Superpower,Lunge,7,8,20,100000
Arcanine,73.5,59,fire,none,132.1,102.6,125,1693302,18,1496,Fire Fang,Wild Charge,Psychic Fangs,8,6,3,50000
Suicune (Shadow),73.5,245,water,none,107.1,140,136,2039331,18,1478,Ice Fang,Bubble Beam,Scald,7,9,20,100000
Bayleef (Shadow),73.3,153,grass,none,105.6,141.6,142,2122414,49.5,1499,Magical Leaf,Ancient Power,Energy Ball,5,5,3,10000
Emboar (Shadow),73.3,500,fire,fighting,137.9,80.4,147,1630577,18.5,1499,Ember,Blast Burn*,Heat Wave,6,5,3,10000
Exeggutor (Alolan),73.2,103,grass,dragon,134.4,94.8,131,1669766,18.5,1498,Dragon Tail,Seed Bomb,Draco Meteor*,4,6,3,50000
Oddish,73.2,43,grass,poison,122.7,106.7,120,1571110,50,1389,Acid,Seed Bomb,Sludge Bomb,5,7,3,50000
Zoroark (Hisuian),73.1,571,normal,ghost,163.4,87.5,96,1373550,21,1499,Shadow Claw,Shadow Ball,Foul Play,7,5,5,75000
Aipom (Shadow),73,190,normal,none,124.4,106.7,135,1791711,50,1494,Astonish,Swift,Aerial Ace,4,5,3,50000
Karrablast (Shadow),73,588,bug,none,127.7,85.7,127,1390325,50,1336,Fury Cutter,Drill Run,X-Scissor,10,10,3,50000
Centiskorch,72.9,851,fire,bug,128.7,99.4,136,1739873,18.5,1500,Ember,Lunge,Heat Wave,5,5,5,75000
Pidgeotto (Shadow),72.8,17,normal,flying,110.9,100.8,147,1644149,50,1350,Wing Attack,Air Cutter,Twister,5,5,1,10000
Alomomola,72.6,594,water,none,97.4,99.5,238,2305528,26,1499,Waterfall,Hydro Pump,Blizzard,8,8,5,75000
Minun,72.6,312,electric,none,116.3,127.1,130,1921857,36.5,1496,Quick Attack,Thunderbolt,Grass Knot,7,7,3,50000
Tangrowth (Shadow),72.6,465,grass,none,120.7,112.8,136,1851661,18,1495,Vine Whip,Power Whip,Rock Slide,7,6,3,50000
Monferno,72.5,391,fire,fighting,129.6,96,139,1730680,42,1499,Ember,Flame Wheel,Low Sweep,5,5,3,10000
Relicanth,72.5,369,water,rock,105.2,133.7,152,2137627,22.5,1499,Water Gun,Aqua Tail,Ancient Power,12,15,5,75000
Wartortle (Shadow),72.5,8,water,none,107.6,139.1,139,2080282,47.5,1496,Water Gun,Aqua Jet,Ice Beam,14,19,3,10000
Crawdaunt,72.3,342,water,dark,144.7,98.4,109,1551934,22,1498,Waterfall,Night Slash,Scald,4,5,3,50000
Exeggutor (Alolan) (Shadow),72.3,103,grass,dragon,134.4,94.8,131,1669766,18.5,1498,Dragon Tail,Seed Bomb,Draco Meteor*,4,6,3,50000
Pignite (Shadow),72.3,499,fire,fighting,127.3,87,158,1751280,29,1497,Ember,Rock Tomb,Flame Charge,6,6,3,10000
Appletun,72.2,842,grass,dragon,116.6,102.5,161,1924256,23,1499,Astonish,Energy Ball,Outrage,5,6,5,75000
Moltres,72.2,146,fire,flying,136.8,103.7,115,1630791,16,1499,Wing Attack,Fly,Heat Wave,6,6,20,100000
Ivysaur (Shadow),72.1,2,grass,poison,119.8,121.4,129,1876677,37,1500,Vine Whip,Power Whip,Sludge Bomb,7,7,3,10000
Emboar,72,500,fire,fighting,137.9,80.4,147,1630577,18.5,1499,Ember,Blast Burn*,Heat Wave,6,5,3,10000
Grovyle (Shadow),72,253,grass,none,136.3,103.2,117,1646572,36.5,1498,Bullet Seed,Leaf Blade,Aerial Ace,3,4,3,10000
Herdier,72,507,normal,none,118.9,111.7,142,1885363,41.5,1497,Sand Attack,Dig,Thunderbolt,13,14,1,10000
Litleo,72,667,fire,normal,121.6,105.8,144,1851844,48.5,1500,Incinerate,Flame Charge,Crunch,3,3,3,10000
Omanyte (Shadow),72,138,rock,water,128,135.3,101,1749618,43,1500,Mud Shot,Rock Tomb*,Rock Blast,6,5,5,75000
Braixen,71.9,654,fire,none,130.6,107,123,1718256,31,1499,Ember,Psyshock,Flame Charge,5,6,3,10000
Breloom,71.9,286,grass,fighting,150,96.7,103,1494123,21,1500,Force Palm,Dynamic Punch,Grass Knot*,5,5,3,50000
Slowking,71.9,199,water,psychic,113.4,120.9,144,1974848,22,1500,Confusion,Surf*,Blizzard,4,6,3,50000
Vaporeon,71.9,134,water,none,118.5,96.9,165,1894159,18,1500,Water Gun,Aqua Tail,Last Resort*,12,19,5,75000
Buneary,71.8,427,normal,none,121.8,100.8,135,1658639,50,1423,Quick Attack,Swift,Fire Punch,5,5,3,50000
Floragato,71.8,907,grass,none,124.5,110.6,131,1803025,37,1500,Leafage,Energy Ball,Play Rough,6,8,3,10000
Cinderace,71.7,815,fire,none,139,99.4,117,1617082,18.5,1500,Fire Spin,Blast Burn*,Pyro Ball,5,4,3,10000
Delphox,71.7,655,fire,psychic,132.6,115.6,110,1686664,18,1499,Fire Spin,Psyshock,Blast Burn*,4,5,3,10000
Dolliv,71.6,929,grass,normal,118.5,122.7,130,1889662,50,1497,Magical Leaf,Earth Power,Trailblaze,5,5,3,50000
Floatzel,71.6,419,water,none,143.8,81.7,133,1563742,22.5,1500,Waterfall,Aqua Jet,Swift,4,4,3,50000
Gloom,71.6,44,grass,poison,121.4,116,131,1844296,37,1498,Acid,Sludge Bomb,Moonblast,7,8,3,50000
Oddish (Shadow),71.5,43,grass,poison,122.7,106.7,120,1571110,50,1389,Acid,Seed Bomb,Sludge Bomb,5,7,3,50000
Growlithe,71.4,58,fire,none,126.9,90.8,135,1554545,50,1405,Ember,Flame Wheel,Body Slam,5,4,3,50000
Stoutland,71.3,508,normal,none,123.9,116.2,125,1799428,19.5,1496,Sand Attack,Wild Charge,Crunch,12,12,1,10000
Pidgeotto,71.1,17,normal,flying,110.9,100.8,147,1644149,50,1350,Wing Attack,Air Cutter,Twister,5,5,1,10000
Ponyta (Shadow),71.1,77,fire,none,133.5,108.2,116,1675972,36,1500,Ember,Flame Wheel,Stomp,5,5,3,50000
Omanyte,70.9,138,rock,water,128,135.3,101,1749618,43,1500,Mud Shot,Rock Tomb*,Rock Blast,6,5,5,75000
Volcanion,70.9,721,fire,water,135.6,117.4,103,1639861,15,1494,Incinerate,Scald,Overheat,3,3,20,100000
Ceruledge,70.8,937,fire,ghost,136.4,114,106,1647731,17.5,1500,Incinerate,Shadow Ball,Heat Wave,3,3,5,50000
Luxray,70.8,405,electric,none,138,99,119,1625573,19,1500,Spark,Wild Charge,Psychic Fangs*,7,5,5,75000
Flareon,70.7,136,fire,none,142.3,110,100,1564103,18,1498,Ember,Superpower*,Heat Wave*,5,5,5,75000
Jolteon,70.7,135,electric,none,137.4,114.7,103,1623594,19,1498,Thunder Shock,Discharge,Last Resort*,5,7,5,75000
Porygon,70.7,137,normal,none,120,115.4,135,1870465,35.5,1500,Quick Attack<sup>†</sup>,Discharge*,Hyper Beam,5,10,3,50000
Karrablast,70.5,588,bug,none,127.7,85.7,127,1390325,50,1336,Fury Cutter,Drill Run,X-Scissor,10,10,3,50000
Dustox,70.3,269,bug,poison,95,148.7,142,2005436,50,1384,Confusion,Silver Wind,Sludge Bomb,4,4,1,10000
Houndour (Shadow),70.3,228,dark,fire,140.3,82.3,120,1386732,50,1395,Ember,Crunch,Flamethrower,5,7,3,50000
Eldegoss,70.2,830,grass,none,108.4,160.5,119,2069942,28.5,1498,Bullet Seed,Energy Ball,Grass Knot,4,4,3,50000
Charmeleon (Shadow),70,5,fire,none,126.6,109.5,128,1774326,38.5,1500,Ember,Fire Punch,Flamethrower,5,7,3,10000
Blissey,69.9,242,normal,none,81,111.3,307,2768972,20.5,1500,Zen Headbutt,Wild Charge*,Dazzling Gleam,8,10,5,75000
Cherrim (Sunshine),69.9,421,grass,none,121.9,116.3,130,1842766,27.5,1500,Bullet Seed,Weather Ball (Fire),Solar Beam,3,7,1,10000
Gloom (Shadow),69.9,44,grass,poison,121.4,116,131,1844296,37,1498,Acid,Sludge Bomb,Moonblast,7,8,3,50000
Chandelure (Shadow),69.7,609,ghost,fire,151.5,105.2,93,1481922,17,1498,Incinerate,Shadow Ball,Energy Ball,3,3,5,75000
Corsola,69.7,222,water,rock,108.6,142,134,2066246,49,1500,Bubble,Power Gem,Rock Blast,5,4,3,50000
Larvesta,69.7,636,bug,fire,130.8,99.8,131,1710210,45.5,1499,Ember,Flame Wheel,Bug Buzz,5,7,5,75000
Skrelp,69.4,690,poison,water,104.2,104.2,127,1378846,50,1202,Acid,Aqua Tail,Twister,5,5,3,50000
Tauros,69.3,128,normal,none,125.1,119.5,120,1794891,21.5,1499,Tackle,Trailblaze,Horn Attack,15,12,3,50000
Ninjask,69.2,291,bug,flying,144.8,88.4,121,1549131,28.5,1499,Fury Cutter,Shadow Ball,Aerial Ace,13,12,5,75000
Omastar,69.2,139,rock,water,126.6,128.4,109,1773092,20,1500,Mud Shot,Rock Slide*,Hydro Pump,5,9,5,75000
Rotom,69.2,479,electric,ghost,132.4,120.5,106,1691086,27.5,1499,Astonish,Thunderbolt,Ominous Wind,6,5,5,75000
Exeggutor (Shadow),69.1,103,grass,psychic,136.2,92.5,131,1650175,18.5,1499,Confusion,Seed Bomb,Psychic,3,4,3,50000
Pyroar,69.1,668,fire,normal,135,98,126,1666684,20,1500,Incinerate,Flame Charge,Dark Pulse,3,3,3,10000
Chandelure,69,609,ghost,fire,151.5,105.2,93,1481922,17,1498,Incinerate,Shadow Ball,Energy Ball,3,3,5,75000
Charmeleon,69,5,fire,none,126.6,109.5,128,1774326,38.5,1500,Ember,Fire Punch,Return<sup>†</sup>,5,8,3,10000
Vileplume,69,45,grass,poison,128.8,112.7,120,1742867,21.5,1499,Acid,Sludge Bomb,Petal Blizzard,7,9,3,50000
Mantyke,68.9,458,water,flying,100.8,163,120,1972572,50,1411,Bubble,Water Pulse,Aerial Ace,5,5,5,10000
Omastar (Shadow),68.6,139,rock,water,126.6,128.4,109,1773092,20,1500,Mud Shot,Rock Slide*,Hydro Pump,5,9,5,75000
Grotle (Shadow),68.3,388,grass,none,117.8,114.9,141,1908142,30,1500,Razor Leaf,Energy Ball,Body Slam,12,9,3,10000
Quilava,68.3,156,fire,none,126.6,109.5,128,1774326,38.5,1500,Ember,Flame Charge,Dig,6,6,3,10000
Quilava (Shadow),68.2,156,fire,none,126.6,109.5,128,1774326,38.5,1500,Ember,Flame Charge,Dig,6,6,3,10000
Slowking (Shadow),68.2,199,water,psychic,113.4,120.9,144,1974848,22,1500,Confusion,Surf*,Blizzard,4,6,3,50000
Delcatty,68,301,normal,none,111.9,116.8,153,2000374,46.5,1496,Charm,Wild Charge,Disarming Voice,6,6,3,50000
Cloyster,67.9,91,water,ice,119,169.8,93,1879927,22,1498,Ice Shard,Icy Wind,Liquidation,5,5,3,50000
Croconaw,67.9,159,water,none,117.7,120,135,1907626,35.5,1500,Water Gun,Ice Punch,Water Pulse,14,17,3,10000
Heatmor,67.9,631,fire,none,134.7,92.6,134,1671446,23.5,1500,Fire Spin,Thunder Punch,Flamethrower,4,6,3,50000
Rotom (Mow),67.9,479,electric,grass,128.8,144.9,93,1736642,21.5,1500,Thunder Shock,Ominous Wind,Leaf Storm,5,7,5,75000
Stufful,67.8,759,normal,fighting,124.8,92.2,156,1794685,49.5,1499,Tackle,Superpower,Stomp,14,14,1,10000
Lilligant (Hisuian),67.7,549,grass,fighting,133.5,107.8,117,1682787,22,1499,Bullet Seed,Upper Hand,Petal Blizzard,4,5,1,10000
Oricorio (Pom-Pom),67.6,741,electric,flying,130.9,102.1,128,1710403,24,1497,Air Slash,Air Cutter,Hurricane,4,7,3,75000
Ponyta,67.6,77,fire,none,133.5,108.2,116,1675972,36,1500,Ember,Flame Wheel,Stomp,5,5,3,50000
Tentacool (Shadow),67.6,72,water,poison,94.1,137.8,113,1465578,50,1176,Poison Sting,Wrap,Water Pulse,5,6,3,50000
Tirtouga (Shadow),67.6,564,water,rock,114.4,132.5,130,1969593,46.5,1500,Water Gun,Surf,Body Slam,15,12,5,75000
Tentacool,67.4,72,water,poison,94.1,137.8,113,1465578,50,1176,Poison Sting,Wrap,Water Pulse,5,6,3,50000
Darmanitan (Standard) (Shadow),67.3,555,fire,none,149.8,72.1,138,1489923,17.5,1496,Incinerate,Rock Slide,Overheat,3,3,3,50000
Tirtouga,67.3,564,water,rock,114.4,132.5,130,1969593,46.5,1500,Water Gun,Surf,Body Slam,15,12,5,75000
Darmanitan (Standard),67.2,555,fire,none,149.8,72.1,138,1489923,17.5,1496,Incinerate,Rock Slide,Overheat,3,3,3,50000
Exeggutor,67.2,103,grass,psychic,136.2,92.5,131,1650175,18.5,1499,Confusion,Seed Bomb,Psychic,3,4,3,50000
Rillaboom,67.2,812,grass,none,132.4,99.3,129,1696084,16.5,1499,Razor Leaf,Drum Beating,Earth Power,9,13,3,10000
Sharpedo (Shadow),67.1,319,water,dark,166.6,64.1,126,1345428,25.5,1498,Waterfall,Crunch,Poison Fang,5,4,3,50000
Snover (Shadow),67.1,459,grass,ice,109.2,100.8,142,1564162,50,1311,Powder Snow,Energy Ball,Ice Beam,6,7,3,50000
Nuzleaf (Shadow),67,274,grass,dark,125.2,78.1,157,1536164,50,1387,Feint Attack,Leaf Blade,Foul Play,6,7,3,50000
Ho-Oh,66.9,250,fire,flying,123,128.5,114,1800807,14,1491,Incinerate,Brave Bird,Sacred Fire*,3,4,20,100000
Snover,66.9,459,grass,ice,109.2,100.8,142,1564162,50,1311,Powder Snow,Energy Ball,Ice Beam,6,7,3,50000
Torracat,66.9,726,fire,none,135.6,89.9,135,1644555,35,1496,Ember,Flame Charge,Crunch,6,5,3,10000
Prinplup,66.8,394,water,none,118.6,117.1,136,1888948,36.5,1498,Bubble,Icy Wind,Hydro Pump,5,7,3,10000
Weepinbell (Shadow),66.7,70,grass,poison,139.4,82.7,140,1613476,39.5,1500,Acid,Power Whip,Sludge Bomb,7,7,3,50000
Croconaw (Shadow),66.6,159,water,none,117.7,120,135,1907626,35.5,1500,Water Gun,Ice Punch,Water Pulse,14,17,3,10000
Exploud,66.6,295,normal,none,119.8,99.5,157,1870373,24,1500,Astonish,Crunch,Disarming Voice,5,5,1,10000
Shellos,66.6,422,water,none,99.2,100.8,166,1659740,50,1284,Mud Slap,Body Slam,Water Pulse,4,5,3,50000
Carnivine,66.5,455,grass,none,130.2,101.9,130,1724039,25.5,1499,Vine Whip,Energy Ball,Crunch,6,6,5,75000
Grotle,66.5,388,grass,none,117.8,114.9,141,1908142,30,1500,Razor Leaf,Body Slam,Energy Ball,9,12,3,10000
Porygon2,66.5,233,normal,none,122.2,117.9,127,1829984,20.5,1498,Lock On,Tri Attack,Zap Cannon,10,16,3,50000
Basculin,66.4,550,water,none,134,97.2,129,1679476,27,1500,Water Gun,Aqua Tail,Aqua Jet,12,14,1,10000
Darumaka (Shadow),66.4,554,fire,none,131.9,82.3,157,1705667,50,1500,Fire Fang,Fire Punch,Flame Charge,7,9,3,50000
Watchog,66.3,505,normal,none,125.2,114.1,125,1785264,31.5,1500,Low Kick,Crunch,Hyper Fang,6,7,1,10000
Watchog (Shadow),66.3,505,normal,none,125.2,114.1,125,1785264,31.5,1500,Low Kick,Crunch,Hyper Fang,6,7,1,10000
Darumaka,66.2,554,fire,none,131.9,82.3,157,1705667,50,1500,Fire Fang,Fire Punch,Flame Charge,7,9,3,50000
Shaymin (Land),66.2,492,grass,none,117.9,122.3,132,1902467,17,1498,Magical Leaf,Grass Knot,Seed Flare*,5,8,20,100000
Tsareena,65.9,763,grass,none,130.4,120.7,109,1715364,18.5,1496,Magical Leaf,Triple Axel,High Jump Kick*,5,6,3,10000
Luxio,65.8,404,electric,none,133.3,91.1,139,1686895,47.5,1499,Spark,Wild Charge,Crunch,7,7,5,75000
Pineco,65.8,204,bug,none,103.4,115.1,127,1511117,50,1253,Bug Bite,Rock Tomb,Sand Tomb,17,14,5,75000
Swellow (Shadow),65.7,277,normal,flying,136,100,121,1645136,29,1499,Wing Attack,Brave Bird,Sky Attack,7,7,1,10000
Purugly,65.5,432,normal,none,125.5,105.5,134,1775269,28.5,1493,Shadow Claw,Aerial Ace,Thunder,6,8,3,50000
Simisage,65.5,512,grass,none,136,95.8,126,1642252,23.5,1496,Vine Whip,Grass Knot,Crunch,7,6,3,50000
Houndour,65.4,228,dark,fire,140.3,82.3,120,1386732,50,1395,Ember,Crunch,Flamethrower,5,7,3,50000
Goldeen,65.2,118,water,none,116,105,120,1461636,50,1302,Peck,Aqua Tail,Horn Attack,5,5,3,50000
Heliolisk,65.2,695,electric,normal,138.1,112.1,105,1626001,21.5,1500,Volt Switch,Breaking Swipe,Parabolic Charge,4,4,3,50000
Infernape,65.2,392,fire,fighting,136.7,100.4,119,1633131,20.5,1495,Fire Spin,Close Combat,Blast Burn*,5,5,3,10000
Dwebble (Shadow),65.1,557,bug,rock,111.8,120.2,127,1705533,50,1384,Smack Down,X-Scissor,Rock Tomb,5,7,1,10000
Huntail,65.1,367,water,none,130.8,125.6,104,1709128,23.5,1497,Water Gun,Aqua Tail,Crunch,12,15,3,50000
Nuzleaf,65.1,274,grass,dark,125.2,78.1,157,1536164,50,1387,Feint Attack,Leaf Blade,Foul Play,6,7,3,50000
Persian,65,53,normal,none,118.6,116.3,137,1890318,36.5,1498,Feint Attack,Night Slash*,Power Gem,6,9,3,50000
Stufful (Shadow),65,759,normal,fighting,124.8,92.2,156,1794685,49.5,1499,Tackle,Superpower,Stomp,14,14,1,10000
Carracosta (Shadow),64.9,565,water,rock,121.4,127,120,1849862,21.5,1499,Water Gun,Liquidation,Body Slam,15,12,5,75000
Rotom (Heat),64.8,479,electric,fire,128.8,144.9,93,1736642,21.5,1500,Thunder Shock,Overheat,Thunderbolt,7,7,5,75000
Sharpedo,64.8,319,water,dark,166.6,64.1,126,1345428,25.5,1498,Waterfall,Crunch,Poison Fang,5,4,3,50000
Yanma,64.8,193,bug,flying,130.8,89.7,146,1713046,46.5,1499,Wing Attack,Silver Wind,Aerial Ace,6,6,3,50000
Tangela,64.7,114,grass,none,125.6,122.9,116,1790197,25,1500,Vine Whip,Grass Knot,Sludge Bomb,7,7,3,50000
Arboliva,64.6,930,grass,normal,129.3,116.6,115,1734048,18.5,1500,Magical Leaf,Earth Power,Trailblaze,5,5,3,50000
Cloyster (Shadow),64.6,91,water,ice,119,169.8,93,1879927,22,1498,Ice Shard,Icy Wind,Liquidation,5,5,3,50000
Teddiursa (Shadow),64.6,216,normal,none,131.5,90.5,142,1690038,49.5,1493,Lick,Swift,Cross Chop,12,12,3,50000
Frosmoth,64.5,873,ice,bug,141.5,101,111,1586766,20.5,1500,Powder Snow,Icy Wind,Bug Buzz,6,8,5,75000
Luxray (Shadow),64.5,405,electric,none,138,99,119,1625573,19,1500,Snarl,Wild Charge,Psychic Fangs*,4,3,5,75000
Poliwhirl,64.5,61,water,none,114.3,116,148,1961320,50,1500,Bubble,Scald*,Mud Bomb,5,5,3,50000
Rotom (Wash),64.5,479,electric,water,128.8,144.9,93,1736642,21.5,1500,Thunder Shock,Thunderbolt,Hydro Pump,7,9,5,75000
Carracosta,64.2,565,water,rock,121.4,127,120,1849862,21.5,1499,Water Gun,Liquidation,Body Slam,15,12,5,75000
Arcanine (Hisuian),64.1,59,fire,rock,132.4,99.5,129,1699489,17.5,1500,Snarl,Wild Charge,Rock Slide,4,4,3,50000
Dwebble,64.1,557,bug,rock,111.8,120.2,127,1705533,50,1384,Smack Down,X-Scissor,Rock Tomb,5,7,1,10000
Exeggcute (Shadow),64.1,102,grass,psychic,102.5,117.6,142,1712557,50,1328,Confusion,Seed Bomb,Ancient Power,3,4,3,50000
Tangela (Shadow),64,114,grass,none,125.6,122.9,116,1790197,25,1500,Vine Whip,Grass Knot,Sludge Bomb,7,7,3,50000
Exploud (Shadow),63.9,295,normal,none,119.8,99.5,157,1870373,24,1500,Astonish,Crunch,Disarming Voice,5,5,1,10000
Exeggcute,63.8,102,grass,psychic,102.5,117.6,142,1712557,50,1328,Confusion,Seed Bomb,Ancient Power,3,4,3,50000
Infernape (Shadow),63.7,392,fire,fighting,136.7,100.4,119,1633131,20.5,1495,Fire Spin,Close Combat,Blast Burn*,5,5,3,10000
Plusle,63.7,311,electric,none,128.2,107.2,127,1745748,33,1498,Quick Attack,Thunderbolt,Grass Knot,7,7,3,50000
Flaaffy,63.6,180,electric,none,121.5,100.5,151,1844088,44,1499,Charge Beam,Discharge,Trailblaze,4,5,5,75000
Eelektross,63.5,604,electric,none,133.8,99.8,126,1682153,20,1500,Volt Switch*,Dragon Claw,Thunderbolt,4,4,1,10000
Pineco (Shadow),63.5,204,bug,none,103.4,115.1,127,1511117,50,1253,Bug Bite,Rock Tomb,Sand Tomb,17,14,5,75000
Thwackey,63.5,811,grass,none,123.7,107.6,136,1808877,30,1500,Razor Leaf,Energy Ball,Grass Knot,12,13,3,10000
Vileplume (Shadow),63.4,45,grass,poison,128.8,112.7,120,1742867,21.5,1499,Acid,Sludge Bomb,Moonblast,7,8,3,50000
Raboot,63.3,814,fire,none,128.9,103.7,130,1737824,31.5,1498,Fire Spin,Flame Charge,Flamethrower,5,6,3,10000
Braviary,63,628,normal,flying,133.8,92.9,135,1678339,18,1500,Air Slash,Fly,Close Combat,5,5,5,75000
Ursaluna (Shadow),63,901,ground,normal,125.6,98.7,144,1785614,14.5,1500,Tackle,Swift,High Horsepower*,12,20,3,50000
Teddiursa,62.9,216,normal,none,131.5,90.5,142,1690038,49.5,1493,Lick,Swift,Cross Chop,12,12,3,50000
Kyogre (Shadow),62.8,382,water,none,133.9,116.6,104,1623378,13,1478,Waterfall,Avalanche,Surf,5,5,20,100000
Purugly (Shadow),62.7,432,normal,none,125.5,105.5,134,1775269,28.5,1493,Shadow Claw,Aerial Ace,Thunder,6,8,3,50000
Ursaluna,62.7,901,ground,normal,125.6,98.7,144,1785614,14.5,1500,Tackle,Swift,High Horsepower*,12,20,3,50000
Manectric (Shadow),62.6,310,electric,none,142.5,91.3,121,1574038,23.5,1498,Snarl,Wild Charge,Psychic Fangs,4,3,3,50000
Poliwhirl (Shadow),62.6,61,water,none,114.3,116,148,1961320,50,1500,Bubble,Scald*,Mud Bomb,5,5,3,50000
Porygon (Shadow),62.5,137,normal,none,120,115.4,135,1870465,35.5,1500,Tackle*,Discharge*,Signal Beam*,14,19,3,50000
Inteleon,62.3,818,water,none,153.4,89.1,107,1461879,18.5,1500,Water Gun,Snipe Shot,Shadow Ball,12,17,3,10000
Raticate,62.3,20,normal,none,125.9,116.1,122,1783281,34.5,1499,Quick Attack,Hyper Fang,Dig,7,7,1,10000
Ambipom (Shadow),62.2,424,normal,none,133.9,100.6,124,1669988,23,1500,Astonish,Aerial Ace,Low Sweep,5,4,3,50000
Tranquill,62.2,520,normal,flying,124,102.2,143,1812350,49.5,1500,Air Slash,Heat Wave,Aerial Ace,5,5,1,10000
Chinchou,62.1,170,water,electric,101.7,94.1,164,1569336,50,1265,Bubble,Water Pulse,Thunderbolt,5,5,3,50000
Ho-Oh (Shadow),62.1,250,fire,flying,123.5,126.5,113,1764371,14,1482,Incinerate,Brave Bird,Sacred Fire*,3,4,20,100000
Persian (Shadow),62.1,53,normal,none,118.6,116.3,137,1890318,36.5,1498,Feint Attack,Night Slash*,Power Gem,6,9,3,50000
Porygon2 (Shadow),62.1,233,normal,none,122.2,117.9,127,1829984,20.5,1498,Lock On,Tri Attack,Zap Cannon,10,16,3,50000
Houndoom (Shadow),61.6,229,dark,fire,139.6,97.3,118,1603024,21,1500,Snarl,Foul Play,Flamethrower,4,5,3,50000
Rotom (Fan),61.6,479,electric,flying,128.8,144.9,93,1736642,21.5,1500,Astonish,Thunderbolt,Ominous Wind,6,5,5,75000
Toedscool,61.6,948,ground,grass,94.1,137.8,113,1465578,50,1176,Mud Slap,Earth Power,Wrap,5,5,3,50000
Entei (Shadow),61.4,244,fire,none,128.9,95.2,139,1705046,15.5,1484,Fire Fang,Flame Charge,Scorching Sands,9,9,20,100000
Beautifly,61.3,267,bug,flying,144.7,84,127,1543209,33,1497,Infestation,Air Cutter,Silver Wind,3,4,1,10000
Heliolisk (Shadow),61.3,695,electric,normal,138.1,112.1,105,1626001,21.5,1500,Volt Switch,Breaking Swipe,Parabolic Charge,4,4,3,50000
Rotom (Frost),61.3,479,electric,ice,128.8,144.9,93,1736642,21.5,1500,Thunder Shock,Thunderbolt,Blizzard,7,9,5,75000
Yanmega,61.3,469,bug,flying,136.8,96.1,125,1643327,19,1500,Wing Attack,Aerial Ace,Ancient Power,6,6,3,50000
Prinplup (Shadow),61.2,394,water,none,118.6,117.1,136,1888948,36.5,1498,Bubble,Icy Wind,Hydro Pump,5,7,3,10000
Flaaffy (Shadow),61.1,180,electric,none,121.5,100.5,151,1844088,44,1499,Charge Beam,Trailblaze,Discharge,5,4,5,75000
Sunflora,61.1,192,grass,none,128.7,102.2,132,1736327,26,1499,Bullet Seed,Sludge Bomb,Leaf Storm,4,5,3,50000
Bulbasaur,61,1,grass,poison,111.8,105.9,120,1419947,50,1260,Vine Whip,Power Whip,Seed Bomb,7,5,3,10000
Entei,61,244,fire,none,129.3,96.2,140,1741304,16,1500,Fire Fang,Flame Charge,Scorching Sands,9,9,20,100000
Vivillon,60.8,666,bug,flying,131.7,86.3,149,1694365,30,1498,Gust,Energy Ball,Hurricane,4,5,1,10000
Raticate (Shadow),60.7,20,normal,none,125.9,116.1,122,1783281,34.5,1499,Quick Attack,Hyper Fang,Dig,7,7,1,10000
Clamperl,60.6,366,water,none,124.4,126,105,1645929,50,1436,Water Gun,Body Slam,Water Pulse,12,17,3,50000
Brionne,60.5,729,water,none,125.9,117.1,121,1782789,30,1500,Charm,Aqua Jet,Disarming Voice,5,6,3,10000
Kingler (Shadow),60.5,99,water,none,144.5,115.6,93,1553975,19.5,1500,Bubble,Crabhammer,X-Scissor,5,4,3,50000
Houndoom,60.3,229,dark,fire,139.6,97.3,118,1603024,21,1500,Snarl,Foul Play,Flamethrower,4,5,3,50000
Indeedee (Female),60.3,876,psychic,normal,121.7,128.2,118,1842015,23.5,1500,Extrasensory,Energy Ball,Psychic,5,6,3,50000
Boltund,60.2,836,electric,none,136.9,95.4,126,1645126,26,1500,Spark,Crunch,Thunder,7,9,1,50000
Luxio (Shadow),60.2,404,electric,none,133.7,90.2,139,1677029,46,1499,Spark,Wild Charge,Crunch,7,7,5,75000
Mothim,60.2,414,bug,flying,140,83,138,1603038,31.5,1500,Bug Bite,Aerial Ace,Bug Buzz,15,20,1,10000
Oricorio (Baile),60.2,741,fire,flying,130.9,102.1,128,1710403,24,1497,Air Slash,Air Cutter,Hurricane,4,7,3,75000
Loudred (Shadow),60,294,normal,none,125.2,80.7,178,1797820,50,1500,Bite,Stomp,Disarming Voice,20,23,1,10000
Accelgor (Shadow),59.9,617,bug,none,143.2,84.9,129,1568558,22.5,1500,Water Shuriken,Energy Ball*,Bug Buzz,4,5,3,50000
Whirlipede,59.9,544,bug,poison,96.6,158,113,1725055,50,1293,Poison Sting,Sludge Bomb,Gyro Ball,6,6,1,10000
Simisear,59.6,514,fire,none,136,95.8,126,1642252,23.5,1496,Fire Spin,Crunch,Flamethrower,5,6,3,50000
Illumise,59.5,314,bug,none,111.4,136.2,133,2018689,33.5,1500,Tackle,Silver Wind,Dazzling Gleam,15,19,3,50000
Rowlet,59.5,722,grass,flying,98.3,95.8,154,1450375,50,1196,Leafage,Energy Ball,Seed Bomb,6,5,3,10000
Fuecoco,59.3,909,fire,none,106.7,93.3,152,1513000,50,1274,Incinerate,Crunch,Flamethrower,3,3,3,10000
Tranquill (Shadow),59.2,520,normal,flying,124,102.2,143,1812350,49.5,1500,Air Slash,Heat Wave,Sky Attack,5,6,1,10000
Lombre,58.9,271,water,grass,106.7,112.6,142,1706340,50,1353,Bubble,Scald,Grass Knot,5,5,3,50000
Maractus,58.9,556,grass,none,135.5,95.2,128,1652028,24.5,1498,Bullet Seed,Aerial Ace,Petal Blizzard,4,5,1,10000
Seel,58.9,86,water,none,84,114.3,149,1430849,50,1098,Water Gun*,Aqua Tail,Icy Wind,12,15,3,50000
Ribombee,58.6,743,bug,fairy,136.3,105.9,114,1645225,25.5,1497,Fairy Wind,Dazzling Gleam,Bug Buzz,7,7,1,10000
Masquerain,58.5,284,bug,flying,129.6,109.1,122,1725007,24.5,1497,Air Slash,Air Cutter,Lunge,4,5,1,10000
Stantler,58.5,234,normal,none,132.1,99.5,129,1695309,26,1499,Tackle,Wild Charge,Stomp,15,14,3,50000
Kingler,58.3,99,water,none,144.5,115.6,93,1553975,19.5,1500,Bubble,Crabhammer,X-Scissor,5,4,3,50000
Simipour,58.3,516,water,none,136,95.8,126,1642252,23.5,1496,Water Gun,Surf,Crunch,15,15,3,50000
Whirlipede (Shadow),58.3,544,bug,poison,96.6,158,113,1725055,50,1293,Poison Sting,Sludge Bomb,Gyro Ball,6,6,1,10000
Skorupi (Shadow),58.2,451,poison,bug,90.8,139.5,113,1430471,50,1141,Poison Sting,Aqua Tail,Cross Poison,4,4,5,75000
Corphish (Shadow),57.9,341,water,none,131.1,95.8,117,1469211,50,1391,Bubble,Aqua Jet,Vise Grip,4,4,3,50000
Chespin,57.6,650,grass,none,105,101.7,136,1452456,50,1239,Vine Whip,Body Slam,Seed Bomb,5,5,3,10000
Roselia,57.6,315,grass,poison,138.6,105.9,110,1614895,29.5,1497,Poison Jab,Sludge Bomb,Petal Blizzard,8,10,3,50000
Skorupi,57.6,451,poison,bug,90.8,139.5,113,1430471,50,1141,Poison Sting,Aqua Tail,Cross Poison,4,4,5,75000
Tatsugiri (Curly),57.4,978,dragon,water,137.4,108.1,109,1619434,20,1497,Water Gun,Surf,Outrage,15,20,5,75000
Tatsugiri (Droopy),57.4,978,dragon,water,137.4,108.1,109,1619434,20,1497,Water Gun,Surf,Outrage,15,20,5,75000
Tatsugiri (Stretchy),57.4,978,dragon,water,137.4,108.1,109,1619434,20,1497,Water Gun,Surf,Outrage,15,20,5,75000
Loudred,57.3,294,normal,none,125.2,80.7,178,1797820,50,1500,Bite,Stomp,Disarming Voice,20,23,1,10000
Seel (Shadow),57.3,86,water,none,84,114.3,149,1430849,50,1098,Water Gun*,Aqua Tail,Icy Wind,12,15,3,50000
Krabby (Shadow),57.2,98,water,none,148.1,111.2,92,1515235,42,1498,Bubble,Vise Grip,Razor Shell,4,4,3,50000
Sawsbuck,57.2,586,normal,grass,129.4,101.9,131,1726893,23,1496,Feint Attack,Wild Charge,Trailblaze,8,8,3,50000
Seadra,57.2,117,water,none,131.3,117.6,110,1699030,26.5,1494,Dragon Breath,Hydro Pump,Dragon Pulse,19,14,3,50000
Chespin (Shadow),57.1,650,grass,none,105,101.7,136,1452456,50,1239,Vine Whip,Body Slam,Seed Bomb,5,5,3,10000
Corphish,56.6,341,water,none,131.1,95.8,117,1469211,50,1391,Bubble,Aqua Jet,Vise Grip,4,4,3,50000
Stantler (Shadow),56.6,234,normal,none,133.6,98.5,128,1683827,25.5,1500,Tackle,Wild Charge,Stomp,15,14,3,50000
Eevee,56.5,133,normal,none,100,108.4,135,1463320,50,1210,Quick Attack,Body Slam*,Swift,5,5,5,75000
Turtwig (Shadow),56.5,387,grass,none,112.6,105,135,1596678,50,1342,Tackle,Energy Ball,Body Slam,15,12,3,10000
Popplio,56,728,water,none,113.4,99.2,127,1428526,50,1276,Water Gun,Aqua Tail,Aqua Jet,12,14,3,10000
Turtwig,56,387,grass,none,112.6,105,135,1596678,50,1342,Tackle,Energy Ball,Body Slam,15,12,3,10000
Unfezant (Shadow),55.5,521,normal,flying,138.6,95.6,122,1616212,20,1499,Air Slash,Sky Attack,Heat Wave,6,5,1,10000
Krabby,55.3,98,water,none,148.1,111.2,92,1515235,42,1498,Bubble,Vise Grip,Razor Shell,4,4,3,50000
Audino,55.2,531,normal,none,92.7,137.9,190,2428140,38,1500,Zen Headbutt,Body Slam*,Disarming Voice,6,8,3,50000
Cinccino,55.1,573,normal,none,134.9,96.2,128,1661081,25,1498,Charm,Aqua Tail,Thunderbolt,5,7,3,50000
Gumshoos,55.1,735,normal,none,134.2,85,147,1677298,25.5,1500,Bite,Rock Tomb,Crunch,25,23,1,10000
Komala,54.9,775,normal,none,136.9,110.3,109,1645080,21.5,1500,Rollout,Payback,Bulldoze,5,4,3,50000
Ambipom,54.8,424,normal,none,133.9,100.6,124,1669988,23,1500,Astonish,Aerial Ace,Return<sup>†</sup>,5,7,3,50000
Shaymin (Sky),54.8,492,grass,flying,139.4,94.1,123,1613915,15.5,1500,Magical Leaf,Energy Ball,Grass Knot,5,5,20,100000
Totodile,54.5,158,water,none,110.9,104.2,127,1467804,50,1279,Water Gun,Aqua Jet,Crunch,14,15,3,10000
Drizzile,54.2,817,water,none,137.9,92.1,128,1626045,29.5,1499,Water Gun,Surf,Water Pulse,15,17,3,10000
Deerling,54,585,normal,grass,109.2,96.6,142,1498988,50,1283,Tackle,Wild Charge,Energy Ball,15,15,3,50000
Totodile (Shadow),54,158,water,none,110.9,104.2,127,1467804,50,1279,Water Gun,Aqua Jet,Crunch,14,15,3,10000
Wugtrio,53.9,961,water,none,151.1,108.6,90,1476993,29,1499,Mud Slap,Liquidation,Surf,5,5,3,50000
Unfezant,53.7,521,normal,flying,138.6,95.6,122,1616212,20,1499,Air Slash,Sky Attack,Heat Wave,6,5,1,10000
Seadra (Shadow),53.6,117,water,none,131.3,117.6,110,1699030,26.5,1494,Dragon Breath,Hydro Pump,Dragon Pulse,19,14,3,50000
Cherrim (Overcast),53.4,421,grass,none,121.9,116.3,130,1842766,27.5,1500,Bullet Seed,Dazzling Gleam,Solar Beam,5,7,1,10000
Clauncher,53.1,692,water,none,103.4,110.9,127,1455967,50,1230,Water Gun,Aqua Jet,Crabhammer,14,17,3,50000
Bulbasaur (Shadow),52.6,1,grass,poison,111.8,105.9,120,1419947,50,1260,Vine Whip,Power Whip,Sludge Bomb,7,7,3,10000
Frogadier (Shadow),52.3,657,water,none,134.5,100.9,123,1668029,38.5,1500,Bubble,Surf,Aerial Ace,5,5,3,10000
Frogadier,52.2,657,water,none,134.5,100.9,123,1668029,38.5,1500,Bubble,Surf,Aerial Ace,5,5,3,10000
Volbeat,52.1,313,bug,none,111.4,136.2,133,2018689,33.5,1500,Tackle,Bug Buzz,Thunderbolt,20,19,3,50000
Piplup (Shadow),51.9,393,water,none,106.7,98.3,131,1374452,50,1215,Bubble,Drill Peck,Icy Wind,4,5,3,10000
Octillery,51.6,224,water,none,131.5,100.8,128,1696917,24,1495,Lock On,Octazooka,Gunk Shot,10,15,1,10000
Dottler,51.5,825,bug,psychic,85.7,144.5,127,1573262,50,1164,Confusion,Bug Buzz,Psychic,5,4,1,10000
Piplup,51,393,water,none,106.7,98.3,131,1374452,50,1215,Bubble,Drill Peck,Icy Wind,4,5,3,10000
Gorebyss,49.6,368,water,none,136.2,121,100,1648806,22.5,1499,Confusion,Water Pulse,Psychic,4,4,3,50000
Clawitzer,49.5,693,water,none,134.4,110.5,112,1663806,20,1497,Water Gun,Crabhammer,Ice Beam,17,19,3,50000
Skiddo,49,672,grass,none,116,98.3,151,1721514,50,1414,Rock Smash,Brick Break,Seed Bomb,6,6,3,50000
Ferroseed,48.5,597,grass,steel,81.5,142.9,119,1385595,50,1064,Metal Claw,Gyro Ball,Return<sup>†</sup>,8,10,3,75000
Indeedee (Male),48.1,876,psychic,normal,135,114.7,107,1656303,22.5,1495,Extrasensory,Shadow Ball,Psychic,5,6,3,50000
Porygon-Z (Shadow),48,474,normal,none,147.6,88.1,117,1522008,17,1500,Lock On,Tri Attack*,Zap Cannon,10,16,3,50000
Porygon-Z,47.8,474,normal,none,147.6,88.1,117,1522008,17,1500,Lock On,Tri Attack*,Zap Cannon,10,16,3,50000
Butterfree,47,12,bug,flying,126.7,112.6,124,1768668,31.5,1499,Confusion,Bug Buzz,Signal Beam,5,4,1,10000
Butterfree (Shadow),45.9,12,bug,flying,126.7,112.6,124,1768668,31.5,1499,Confusion,Bug Buzz,Signal Beam,5,4,1,10000
Accelgor,45.8,617,bug,none,143.2,84.9,129,1568558,22.5,1500,Water Shuriken,Bug Buzz,Acid Spray,5,4,3,50000
Anorith (Shadow),45.5,347,rock,bug,145.4,92.1,115,1539881,43.5,1499,Struggle Bug,Aqua Jet,Cross Poison,5,5,3,50000
Ferroseed (Shadow),42.5,597,grass,steel,81.5,142.9,119,1385595,50,1064,Metal Claw,Gyro Ball,Iron Head,8,8,3,75000
Lilligant,42,549,grass,none,136.6,105.9,114,1648858,22,1500,Charm,Petal Blizzard,Hyper Beam,9,10,1,10000
Anorith,40.7,347,rock,bug,145.4,92.1,115,1539881,43.5,1499,Struggle Bug,Aqua Jet,Ancient Power,5,6,3,50000
Regigigas (Shadow),35.5,486,normal,none,140.3,102,110,1574364,12.5,1492,Hidden Power (Ice),Crush Grip*,Thunder,7,8,20,100000
Regigigas,34.4,486,normal,none,139.8,104.4,110,1605384,12.5,1498,Hidden Power (Ground),Crush Grip*,Focus Blast,7,10,20,100000
Slaking (Shadow),16.1,289,normal,none,138.9,83.1,140,1616182,12.5,1499,Yawn,Body Slam*,Earthquake,3,6,5,75000
Slaking,16,289,normal,none,138.9,83.1,140,1616182,12.5,1499,Yawn,Body Slam*,Earthquake,3,6,5,75000
