Pokemon,Score,Dex,Type 1,Type 2,Attack,Defense,Stamina,Stat Product,Level,CP,Fast Move,Charged Move 1,Charged Move 2
Jellicent,95.8,593,water,ghost,105.8,127.8,157,2123810,25.5,1499,Hex,Surf,Shadow Ball
Kingdra,95.8,230,water,dragon,120.6,127.4,121,1858926,22.0,1498,Dragon Breath,Outrage,Swift
Ludicolo,95.8,272,water,grass,114.7,125.9,135,1950150,25.0,1496,Astonish,Weather Ball (Water),Energy Ball
Lanturn,94.8,171,water,electric,103.6,105,200,2174723,29.0,1500,Spark,Surf,Thunderbolt
Cradily,93.9,346,rock,grass,104,143.1,145,2158357,27.0,1499,Bullet Seed,Rock Tomb,Grass Knot
Kingdra (Shadow),93.7,230,water,dragon,120.6,127.4,121,1858926,22.0,1498,Dragon Breath,Swift,Outrage
Abomasnow,93.5,460,grass,ice,117.4,112.7,145,1918385,25.0,1500,Leafage,Weather Ball (Ice),Energy Ball
Abomasnow (Shadow),93.3,460,grass,ice,117.4,112.7,145,1918385,25.0,1500,Leafage,Weather Ball (Ice),Energy Ball
Araquanid,92.5,752,water,bug,95.3,177,139,2345441,35.5,1496,Bug Bite,Bug Buzz,Bubble Beam
Empoleon,92.3,395,water,steel,123.6,118.3,124,1813237,19.5,1498,Metal Sound,Hydro Cannon,Drill Peck
Lapras,92.2,131,water,ice,102.6,117.5,181,2180447,22.0,1497,Psywave,Sparkling Aria,Skull Bash
Sandslash (Alolan),91.3,28,ice,steel,114.4,135.8,126,1958020,24.0,1497,Shadow Claw,Ice Punch,Drill Run
Carbink,91.2,703,rock,fairy,84.7,249,126,2655734,51.0,1500,Rock Throw,Rock Slide,Moonblast
Sandslash (Alolan) (Shadow),90.7,28,ice,steel,114.4,135.8,126,1958020,24.0,1497,Shadow Claw,Ice Punch,Drill Run
Cradily (Shadow),90.6,346,rock,grass,104,143.1,145,2158357,27.0,1499,Acid,Rock Tomb,Grass Knot
Empoleon (Shadow),90,395,water,steel,123.6,118.3,124,1813237,19.5,1498,Metal Sound,Hydro Cannon,Drill Peck
Toxapex,89.8,748,poison,water,90.4,228.4,120,2478749,43.0,1500,Poison Jab,Brine,Sludge Wave
Bastiodon,89.5,411,rock,steel,79.7,249.8,141,2806400,51.0,1495,Smack Down,Stone Edge,Flamethrower
Barbaracle,89.4,689,rock,water,119.4,135.4,116,1874253,21.5,1497,Fury Cutter,Cross Chop,Stone Edge
Tentacruel,89.2,73,water,poison,108.4,143.7,133,2070940,24.5,1499,Acid,Scald,Payback
Gyarados,89,130,water,flying,128.6,108.6,125,1745493,16.5,1500,Dragon Breath,Aqua Tail,Twister
Bastiodon (Shadow),88.7,411,rock,steel,79.7,249.8,141,2806400,51.0,1495,Smack Down,Stone Edge,Flamethrower
Golisopod,88.5,768,bug,water,123.5,132.6,111,1817644,18.0,1498,Fury Cutter,X-Scissor,Aqua Jet
Lileep,88.5,345,rock,grass,99.6,136.9,149,2032096,51.0,1424,Acid,Ancient Power,Grass Knot
Seaking,88.4,119,water,,119.8,110.9,140,1859716,27.0,1494,Peck,Drill Run,Megahorn
Gastrodon,88.2,423,water,ground,112.5,105.2,169,1999623,25.5,1500,Mud Slap,Body Slam,Earth Power
Pelipper,87.9,279,water,flying,121.6,129.8,117,1846686,27.5,1500,Wing Attack,Weather Ball (Water),Hurricane
Arctibax,87.8,997,dragon,ice,120.5,99.6,154,1849585,28.0,1496,Dragon Breath,Avalanche,Dragon Claw
Araquanid (Shadow),86.9,752,water,bug,95.3,177,139,2345441,35.5,1496,Bug Bite,Bug Buzz,Water Pulse
Quaquaval,86.9,914,water,fighting,135.5,99.9,122,1651058,18.5,1497,Low Kick,Close Combat,Hydro Cannon
Milotic (Shadow),86.7,350,water,,111.6,135.5,133,2011799,19.0,1499,Dragon Tail,Aqua Tail,Wrap
Mantine,86.5,226,water,flying,103.8,167.9,124,2161704,28.0,1498,Wing Attack,Twister,Aerial Ace
Lileep (Shadow),86.4,345,rock,grass,99.6,136.9,149,2032096,51.0,1424,Acid,Ancient Power,Grass Knot
Gyarados (Shadow),86.3,130,water,flying,128.6,108.6,125,1745493,16.5,1500,Dragon Breath,Aqua Tail,Twister
Samurott,86.2,503,water,,126.3,102.4,137,1772125,20.0,1499,Fury Cutter,Hydro Cannon,Megahorn
Samurott (Shadow),85.9,503,water,,126.3,102.4,137,1772125,20.0,1499,Fury Cutter,Hydro Cannon,Megahorn
Tentacruel (Shadow),85.9,73,water,poison,108.4,143.7,133,2070940,24.5,1499,Acid,Scald,Payback
Qwilfish (Shadow),85.5,211,water,poison,129.4,106.9,125,1728251,28.5,1496,Poison Sting,Aqua Tail,Shadow Ball
Starmie (Shadow),85.3,121,water,psychic,131.8,124.3,104,1704301,22.5,1500,Psywave,Aqua Jet,Power Gem
Crustle,85,558,bug,rock,119.2,136.3,116,1884598,23.0,1498,Fury Cutter,X-Scissor,Rock Wrecker
Tauros (Aqua),84.9,128,fighting,water,125.1,123.9,116,1797422,20.0,1500,Double Kick,Aqua Jet,Trailblaze
Qwilfish,84.8,211,water,poison,129.4,106.9,125,1728251,28.5,1496,Poison Sting,Aqua Tail,Shadow Ball
Dewott (Shadow),84.7,502,water,,122,100.5,150,1838760,37.5,1499,Fury Cutter,Aqua Tail,X-Scissor
Swampert,84.7,260,water,ground,120.9,109.9,139,1847633,19.0,1497,Mud Shot,Hydro Cannon,Earthquake
Azumarill,84.5,184,water,fairy,91.9,137.1,194,2444351,49.0,1500,Bubble,Ice Beam,Play Rough
Slowbro,84.5,80,water,psychic,112.2,123,145,2001278,23.0,1499,Confusion,Drain Punch,Psychic
Blastoise,84.4,9,water,,110.6,140.3,131,2032269,24.0,1500,Rollout,Hydro Cannon,Skull Bash
Poliwrath (Shadow),84.2,62,water,fighting,114.3,124.9,138,1969845,22.5,1500,Mud Shot,Icy Wind,Dynamic Punch
Dewott,84.1,502,water,,122,100.5,150,1838760,37.5,1499,Fury Cutter,Aqua Tail,X-Scissor
Baxcalibur,83.8,998,dragon,ice,135.7,97.8,125,1658559,16.0,1500,Dragon Breath,Glaive Rush,Avalanche
Milotic,83.8,350,water,,111.6,135.5,133,2011799,19.0,1499,Dragon Tail,Aqua Tail,Wrap
Quagsire,83.5,195,water,ground,109.7,112.6,166,2051888,30.0,1500,Mud Shot,Aqua Tail,Mud Bomb
Bruxish,83.2,779,water,psychic,135.8,103.2,118,1653436,24.5,1499,Confusion,Aqua Tail,Psychic Fangs
Lairon,83.2,305,steel,rock,112.1,150.4,119,2005854,29.0,1500,Metal Sound,Rock Tomb,Body Slam
Slowbro (Shadow),83.2,80,water,psychic,112.2,123,145,2001278,23.0,1499,Confusion,Drain Punch,Psychic
Starmie,83.2,121,water,psychic,131.8,124.3,104,1704301,22.5,1500,Psywave,Aqua Jet,Power Gem
Quagsire (Shadow),83.1,195,water,ground,109.7,112.6,166,2051888,30.0,1500,Mud Shot,Aqua Tail,Mud Bomb
Lapras (Shadow),82.9,131,water,ice,102.6,117.5,181,2180447,22.0,1497,Psywave,Sparkling Aria,Skull Bash
Regirock,82.8,377,rock,,102.8,182,117,2187960,18.5,1500,Lock On,Stone Edge,Focus Blast
Walrein,82.7,365,ice,water,111.4,115.7,156,2011494,21.0,1499,Powder Snow,Icicle Spear,Earthquake
Poliwrath,82.6,62,water,fighting,114.3,124.9,138,1969845,22.5,1500,Mud Shot,Icy Wind,Dynamic Punch
Golem (Alolan) (Shadow),82.3,76,rock,electric,123.3,123.9,119,1816930,19.0,1497,Volt Switch,Wild Charge,Rock Blast
Crustle (Shadow),82.2,558,bug,rock,119.2,136.3,116,1884598,23.0,1498,Fury Cutter,X-Scissor,Rock Wrecker
Aron,82,304,steel,rock,112.9,129.5,126,1841309,51.0,1442,Metal Sound,Rock Tomb,Body Slam
Aurorus,81.7,699,rock,ice,112,106.6,168,2006559,20.5,1499,Powder Snow,Weather Ball (Ice),Meteor Beam
Swampert (Shadow),81.7,260,water,ground,120.9,109.9,139,1847633,19.0,1497,Mud Shot,Hydro Cannon,Earthquake
Froslass,81.5,478,ice,ghost,121.3,116.3,131,1848718,29.0,1498,Hex,Avalanche,Shadow Ball
Ninetales,81.4,38,fire,,113.6,135.1,129,1978783,26.0,1499,Ember,Weather Ball (Fire),Energy Ball
Swanna,81.2,581,water,flying,126.8,102.4,136,1766440,28.0,1499,Gust,Aqua Jet,Fly
Feraligatr (Shadow),81.1,160,water,,122.1,120.3,125,1836220,20.0,1497,Shadow Claw,Hydro Cannon,Crunch
Politoed (Shadow),81,186,water,,112.5,124.8,142,1993650,24.0,1498,Mud Shot,Weather Ball (Water),Earthquake
Probopass,81,476,rock,steel,95.8,205.7,119,2344434,29.0,1499,Spark,Rock Slide,Zap Cannon
Blastoise (Shadow),80.9,9,water,,110.6,140.3,131,2032269,24.0,1500,Rollout,Hydro Cannon,Skull Bash
Swanna (Shadow),80.9,581,water,flying,126.8,102.4,136,1766440,28.0,1499,Gust,Aqua Jet,Fly
Probopass (Shadow),80.8,476,rock,steel,95.8,205.7,119,2344434,29.0,1499,Spark,Rock Slide,Zap Cannon
Castform (Sunny),80.7,351,fire,,110.9,122.1,149,2016808,44.0,1496,Ember,Weather Ball (Fire),Solar Beam
Tyrunt,80.7,696,rock,dragon,125,109.1,131,1786671,42.5,1495,Dragon Tail,Rock Tomb,Stomp
Feraligatr,80.6,160,water,,122.1,120.3,125,1836220,20.0,1497,Shadow Claw,Hydro Cannon,Crunch
Lumineon,80.6,457,water,,107.4,140,139,2089769,35.5,1499,Gust,Aqua Tail,Silver Wind
Solrock,80.6,338,rock,psychic,118.5,110.5,145,1898514,25.5,1500,Psywave,Weather Ball (Fire),Rock Slide
Walrein (Shadow),80.3,365,ice,water,111.4,115.7,156,2011494,21.0,1499,Powder Snow,Icicle Spear,Earthquake
Naclstack,80.2,933,rock,,99.6,145.2,141,2039535,51.0,1425,Mud Shot,Rock Tomb,Rock Blast
Froslass (Shadow),80.1,478,ice,ghost,121.3,116.3,131,1848718,29.0,1498,Hex,Avalanche,Shadow Ball
Primarina,80.1,730,water,fairy,129.7,117.4,114,1734951,17.5,1499,Waterfall,Disarming Voice,Hydro Cannon
Dondozo,80,977,water,,102.9,111.6,190,2183252,19.0,1499,Waterfall,Surf,Outrage
Ninetales (Shadow),80,38,fire,,113.6,135.1,129,1978783,26.0,1499,Ember,Weather Ball (Fire),Energy Ball
Samurott (Hisuian),79.8,503,water,dark,130.4,99.5,132,1712553,20.0,1495,Fury Cutter,Dark Pulse,X-Scissor
Greninja (Shadow),79.6,658,water,dark,137.2,102.8,116,1635404,21.5,1499,Water Shuriken,Hydro Cannon,Night Slash
Graveler (Alolan) (Shadow),79.5,75,rock,electric,120.5,130.7,118,1858409,31.5,1497,Volt Switch,Stone Edge,Rock Blast
Tapu Fini,79.5,788,water,fairy,112.6,159.6,111,1994477,20.0,1500,Water Gun,Surf,Nature's Madness
Blaziken (Shadow),79.4,257,fire,fighting,142.9,92.3,119,1570360,20.0,1498,Ember,Aura Sphere,Blast Burn
Garganacl,79.3,934,rock,,105.2,137.8,147,2131608,21.5,1497,Mud Shot,Rock Tomb,Rock Blast
Palkia (Shadow),79.3,484,water,dragon,140,114.5,100,1602092,14.0,1500,Dragon Breath,Aqua Tail,Draco Meteor
Kabutops,79.2,141,rock,water,134,122.4,102,1672662,21.0,1499,Fury Cutter,Aqua Jet,Stone Edge
Lunatone,79.1,337,rock,psychic,118.5,110.5,145,1898514,25.5,1500,Psywave,Weather Ball (Ice),Rock Slide
Sealeo,79.1,364,ice,water,106.8,114.6,172,2104178,40.0,1500,Powder Snow,Surf,Body Slam
Turtonator,79.1,776,fire,dragon,111.9,155.3,115,1999111,26.5,1497,Ember,Brutal Swing,Dragon Claw
Whiscash,79.1,340,water,ground,106.9,109.7,179,2098246,28.5,1498,Mud Shot,Mud Bomb,Scald
Lairon (Shadow),78.9,305,steel,rock,112.1,150.4,119,2005854,29.0,1500,Metal Sound,Rock Tomb,Body Slam
Tyrantrum,78.9,697,rock,dragon,128.6,116.7,116,1741264,18.0,1497,Dragon Tail,Rock Tomb,Crunch
Golem (Alolan),78.8,76,rock,electric,123.3,123.9,119,1816930,19.0,1497,Volt Switch,Wild Charge,Rock Blast
Politoed,78.8,186,water,,112.5,124.8,142,1993650,24.0,1498,Mud Shot,Weather Ball (Water),Earthquake
Aron (Shadow),78.7,304,steel,rock,112.9,129.5,126,1841309,51.0,1442,Metal Sound,Rock Tomb,Body Slam
Sandshrew (Alolan) (Shadow),78.5,27,ice,steel,116.2,119.5,126,1749660,51.0,1426,Powder Snow,Night Slash,Gyro Ball
Whiscash (Shadow),78.4,340,water,ground,106.9,109.7,179,2098246,28.5,1498,Mud Shot,Mud Bomb,Scald
Wailmer (Shadow),78.3,320,water,,116.2,68.9,241,1928927,51.0,1498,Rollout,Scald,Body Slam
Aggron,78.2,306,steel,rock,115.1,157,108,1952219,19.0,1500,Dragon Tail,Rock Tomb,Thunder
Frigibax,78.1,996,dragon,ice,123.7,83.8,147,1523764,51.0,1376,Dragon Breath,Avalanche,Dragon Claw
Graveler (Alolan),78,75,rock,electric,120.5,130.7,118,1858409,31.5,1497,Volt Switch,Stone Edge,Rock Blast
Seismitoad,77.9,537,water,ground,118,103.6,155,1894968,22.5,1498,Mud Shot,Earth Power,Icy Wind
Bibarel (Shadow),77.8,400,normal,water,122.1,101,149,1837885,35.0,1499,Rollout,Surf,Hyper Fang
Golduck (Shadow),77.8,55,water,,122.9,113.3,131,1825320,23.5,1499,Confusion,Cross Chop,Liquidation
Alomomola,77.7,594,water,,96.2,101,241,2341183,28.0,1500,Waterfall,Hydro Pump,Psychic
Sealeo (Shadow),77.7,364,ice,water,106.8,114.6,172,2104178,40.0,1500,Powder Snow,Surf,Body Slam
Dewgong,77.5,87,water,ice,100.4,138.6,160,2225939,30.0,1495,Ice Shard,Icy Wind,Drill Run
Glalie,77.5,362,ice,,113.6,122.6,142,1977698,28.0,1499,Rollout,Avalanche,Shadow Ball
Urshifu (Rapid Strike),77.5,892,fighting,water,133.6,99.9,126,1681788,15.5,1500,Counter,Aqua Jet,Dynamic Punch
Marshtomp,77.3,259,water,ground,119.3,110.9,142,1877310,37.0,1497,Mud Shot,Surf,Sludge
Sandshrew (Alolan),77.2,27,ice,steel,116.2,119.5,126,1749660,51.0,1426,Powder Snow,Night Slash,Gyro Ball
Castform (Rainy),77.1,351,water,,110.9,122.1,149,2016808,44.0,1496,Water Gun,Weather Ball (Water),Thunder
Kabutops (Shadow),77,141,rock,water,134,122.4,102,1672662,21.0,1499,Fury Cutter,Aqua Jet,Stone Edge
Frillish,76.9,592,water,ghost,107.9,123.7,133,1774491,51.0,1386,Hex,Night Shade,Ice Beam
Ninetales (Alolan) (Shadow),76.9,38,ice,fairy,113.2,137.8,127,1980344,25.5,1497,Charm,Weather Ball (Ice),Psyshock
Slowpoke,76.9,79,water,psychic,102.9,93.8,184,1775868,51.0,1352,Confusion,Psyshock,Water Pulse
Wailmer,76.9,320,water,,116.2,68.9,241,1928927,51.0,1498,Rollout,Scald,Body Slam
Gigalith (Shadow),76.8,526,rock,,126.3,118.5,119,1781010,17.5,1500,Lock On,Superpower,Meteor Beam
Slowpoke (Shadow),76.8,79,water,psychic,102.9,93.8,184,1775868,51.0,1352,Confusion,Psyshock,Water Pulse
Wailord,76.8,321,water,,117.6,68.5,237,1910347,26.0,1499,Rollout,Surf,Return
Articuno,76.7,144,ice,flying,110.8,143.5,127,2019492,18.5,1498,Powder Snow,Icy Wind,Hurricane
Greninja,76.7,658,water,dark,137.2,102.8,116,1635404,21.5,1499,Water Shuriken,Hydro Cannon,Night Slash
Tyrunt (Shadow),76.3,696,rock,dragon,125,109.1,131,1786671,42.5,1495,Dragon Tail,Rock Tomb,Stomp
Tyranitar,76.1,248,rock,dark,127.7,112.9,122,1759191,14.5,1499,Dragon Breath,Brutal Swing,Stone Edge
Marshtomp (Shadow),76,259,water,ground,119.3,110.9,142,1877310,37.0,1497,Mud Shot,Surf,Sludge
Palpitoad,76,536,water,ground,115.9,102.6,162,1926437,50.5,1495,Mud Shot,Earth Power,Water Pulse
Geodude (Alolan) (Shadow),75.7,74,rock,electric,122,122,112,1667037,51.0,1426,Volt Switch,Rock Tomb,Rock Slide
Ninetales (Alolan),75.6,38,ice,fairy,113.2,137.8,127,1980344,25.5,1497,Charm,Weather Ball (Ice),Psyshock
Tyrantrum (Shadow),75.4,697,rock,dragon,128.6,116.7,116,1741264,18.0,1497,Dragon Tail,Crunch,Rock Tomb
Golduck,75.3,55,water,,122.9,113.3,131,1825320,23.5,1499,Confusion,Cross Chop,Liquidation
Regirock (Shadow),75.1,377,rock,,102.8,182,117,2187960,18.5,1500,Lock On,Stone Edge,Focus Blast
Rhyperior (Shadow),75,464,ground,rock,124.7,105.5,137,1803061,15.0,1500,Mud Slap,Drill Run,Rock Wrecker
Rotom (Wash),75,479,electric,water,128.1,145.6,94,1753373,22.5,1499,Thunder Shock,Thunderbolt,Hydro Pump
Bibarel,74.7,400,normal,water,122.1,101,149,1837885,35.0,1499,Rollout,Surf,Hyper Fang
Regice,74.6,378,ice,,102.8,182,117,2187960,18.5,1500,Lock On,Blizzard,Thunder
Cetitan,74.5,975,ice,,118.4,78.2,205,1897985,18.0,1499,Powder Snow,Icicle Spear,Superpower
Gigalith,74.5,526,rock,,126.3,118.5,119,1781010,17.5,1500,Lock On,Superpower,Meteor Beam
Typhlosion (Hisuian),74.5,157,fire,ghost,137.8,107.4,110,1626997,18.5,1498,Ember,Shadow Ball,Wild Charge
Armaldo (Shadow),74.4,348,rock,bug,132.2,110.8,116,1699156,20.0,1499,Fury Cutter,Rock Blast,Liquidation
Tauros (Blaze),74.4,128,fighting,fire,125.1,123.9,116,1797422,20.0,1500,Double Kick,Flame Charge,Trailblaze
Tyranitar (Shadow),74.4,248,rock,dark,127.7,112.9,122,1759191,14.5,1499,Dragon Breath,Brutal Swing,Stone Edge
Dewgong (Shadow),74.2,87,water,ice,100.4,138.6,160,2225939,30.0,1495,Ice Shard,Icy Wind,Drill Run
Glalie (Shadow),74.2,362,ice,,113.6,122.6,142,1977698,28.0,1499,Rollout,Avalanche,Shadow Ball
Blaziken,74,257,fire,fighting,142.9,92.3,119,1570360,20.0,1498,Ember,Aura Sphere,Blast Burn
Marowak (Alolan),74,105,fire,ghost,108.5,150,127,2067910,35.0,1500,Fire Spin,Bone Club,Shadow Bone
Aerodactyl,73.6,142,rock,flying,133.1,104.8,121,1688042,20.5,1499,Dragon Breath,Rock Slide,Earth Power
Cetoddle,73.4,974,ice,,111.2,78.8,210,1841367,51.0,1433,Powder Snow,Avalanche,Body Slam
Geodude (Alolan),72.9,74,rock,electric,122,122,112,1667037,51.0,1426,Volt Switch,Rock Tomb,Rock Slide
Kleavor,72.9,900,bug,rock,142.5,105.6,104,1565706,17.5,1497,Fury Cutter,X-Scissor,Rock Slide
Regice (Shadow),72.9,378,ice,,102.8,182,117,2187960,18.5,1500,Lock On,Blizzard,Thunder
Amaura,72.8,698,rock,ice,115.4,102.9,164,1947032,51.0,1500,Powder Snow,Weather Ball (Ice),Thunderbolt
Wailord (Shadow),72.8,321,water,,117.6,68.5,237,1910347,26.0,1499,Rollout,Surf,Hyper Beam
Lampent (Shadow),72.7,608,ghost,fire,130.5,100.4,131,1716180,38.5,1498,Ember,Heat Wave,Energy Ball
Quaxwell,72.7,913,water,,123,104.8,141,1816877,36.0,1499,Wing Attack,Aqua Jet,Aerial Ace
Marowak (Alolan) (Shadow),72.5,105,fire,ghost,108.5,150,127,2067910,35.0,1500,Fire Spin,Shadow Bone,Bone Club
Rapidash,72.5,78,fire,,133.2,113.3,112,1690627,23.5,1500,Incinerate,Drill Run,Wild Charge
Magmortar (Shadow),72.4,467,fire,,139.9,103.1,111,1601787,18.0,1497,Karate Chop,Fire Punch,Thunderbolt
Kabuto,72.3,140,rock,water,133.6,128.6,97,1667332,51.0,1493,Mud Shot,Aqua Jet,Rock Tomb
Rapidash (Shadow),72.2,78,fire,,133.2,113.3,112,1690627,23.5,1500,Incinerate,Drill Run,Wild Charge
Aurorus (Shadow),71.9,699,rock,ice,112,106.6,168,2006559,20.5,1499,Powder Snow,Weather Ball (Ice),Meteor Beam
Typhlosion (Shadow),71.9,157,fire,,131.8,110.7,117,1706905,19.5,1500,Incinerate,Blast Burn,Thunder Punch
Kabuto (Shadow),71.8,140,rock,water,133.6,128.6,97,1667332,51.0,1493,Mud Shot,Aqua Jet,Rock Tomb
Magmar (Shadow),71.8,126,fire,,133.8,109.3,115,1681934,24.0,1500,Karate Chop,Fire Punch,Scorching Sands
Aerodactyl (Shadow),71.7,142,rock,flying,133.1,104.8,121,1688042,20.5,1499,Dragon Breath,Rock Slide,Earth Power
Omanyte,71.6,138,rock,water,126.5,137.1,102,1769270,48.0,1496,Mud Shot,Rock Tomb,Rock Blast
Omanyte (Shadow),71.2,138,rock,water,126.5,137.1,102,1769270,48.0,1496,Mud Shot,Rock Tomb,Rock Blast
Rhyperior,70.9,464,ground,rock,124.7,105.5,137,1803061,15.0,1500,Mud Slap,Drill Run,Rock Wrecker
Fletchinder (Shadow),70.7,662,fire,flying,123.3,103.5,143,1824410,50.5,1500,Peck,Fly,Heat Wave
Amaura (Shadow),70.5,698,rock,ice,115.4,102.9,164,1947032,51.0,1500,Powder Snow,Weather Ball (Ice),Thunderbolt
Fletchinder,70.4,662,fire,flying,123.3,103.5,143,1824410,50.5,1500,Peck,Fly,Heat Wave
Vanillish,70.4,583,ice,,121.9,121.9,124,1841177,46.0,1499,Astonish,Icy Wind,Signal Beam
Snover,70.2,459,grass,ice,107.9,99.6,141,1515083,51.0,1278,Powder Snow,Energy Ball,Ice Beam
Crawdaunt (Shadow),70.1,342,water,dark,143.4,99.2,110,1565906,23.5,1499,Waterfall,Night Slash,Scald
Aggron (Shadow),70,306,steel,rock,115.1,157,108,1952219,19.0,1500,Dragon Tail,Rock Tomb,Thunder
Slowking (Shadow),70,199,water,psychic,112.2,123,145,2001278,23.0,1499,Confusion,Surf,Blizzard
Articuno (Shadow),69.8,144,ice,flying,110.8,143.5,127,2019492,18.5,1498,Powder Snow,Triple Axel,Hurricane
Lampent,69.7,608,ghost,fire,130.5,100.4,131,1716180,38.5,1498,Ember,Heat Wave,Energy Ball
Victini,69.7,494,psychic,fire,117.4,121.8,134,1916265,17.5,1500,Confusion,V-Create,Psyshock
Piloswine (Shadow),69,221,ice,ground,119.3,100.9,156,1877787,25.0,1498,Powder Snow,Icicle Spear,Stone Edge
Castform (Snowy),68.9,351,ice,,110.9,122.1,149,2016808,44.0,1496,Powder Snow,Weather Ball (Ice),Blizzard
Reshiram (Shadow),68.9,643,dragon,fire,137.5,112,106,1631476,14.0,1500,Dragon Breath,Fusion Flare,Draco Meteor
Armarouge,68.8,936,fire,psychic,130.8,110.1,119,1713579,17.5,1497,Incinerate,Psyshock,Heat Wave
Slowking,68.7,199,water,psychic,112.2,123,145,2001278,23.0,1499,Confusion,Surf,Blizzard
Omastar,68.6,139,rock,water,124.7,128.9,112,1799942,20.5,1498,Mud Shot,Rock Slide,Hydro Pump
Omastar (Shadow),68.4,139,rock,water,124.7,128.9,112,1799942,20.5,1498,Mud Shot,Rock Slide,Hydro Pump
Skeledirge,68.4,911,fire,ghost,120,110.8,141,1874407,18.5,1500,Incinerate,Torch Song,Shadow Ball
Snover (Shadow),68.3,459,grass,ice,107.9,99.6,141,1515083,51.0,1278,Powder Snow,Energy Ball,Ice Beam
Armaldo,68.1,348,rock,bug,132.2,110.8,116,1699156,20.0,1499,Fury Cutter,Rock Blast,Liquidation
Tentacool (Shadow),67.8,72,water,poison,93,136.1,112,1417009,51.0,1147,Poison Sting,Wrap,Water Pulse
Wartortle,67.8,8,water,,107.6,139.9,139,2091871,50.5,1500,Water Gun,Aqua Jet,Ice Beam
Avalugg,67.7,713,ice,,110.7,142,129,2026579,17.5,1498,Ice Fang,Avalanche,Body Slam
Corsola,67.7,222,water,rock,109.2,141.5,133,2056420,50.5,1500,Bubble,Power Gem,Rock Blast
Magmar,67.7,126,fire,,133.8,109.3,115,1681934,24.0,1500,Karate Chop,Fire Punch,Scorching Sands
Magby,67.6,240,fire,,137.8,94.6,118,1538111,51.0,1459,Karate Chop,Fire Punch,Brick Break
Shellos,67.6,422,water,,97.9,99.6,164,1599557,51.0,1252,Mud Slap,Body Slam,Water Pulse
Tentacool,67.6,72,water,poison,93,136.1,112,1417009,51.0,1147,Poison Sting,Wrap,Water Pulse
Typhlosion,67.6,157,fire,,131.8,110.7,117,1706905,19.5,1500,Incinerate,Blast Burn,Thunder Punch
Blacephalon,67.5,806,fire,ghost,172.6,88.5,85,1297966,16.5,1498,Incinerate,Mind Blown,Shadow Ball
Skrelp,67.4,690,poison,water,102.9,102.9,126,1334463,51.0,1172,Acid,Aqua Tail,Twister
Lombre,67.2,271,water,grass,105.4,111.2,141,1652800,51.0,1320,Bubble,Scald,Grass Knot
Piloswine,67.1,221,ice,ground,119.3,100.9,156,1877787,25.0,1498,Powder Snow,Icicle Spear,Stone Edge
Crawdaunt,67,342,water,dark,143.4,99.2,110,1565906,23.5,1499,Waterfall,Night Slash,Scald
Magmortar,66.9,467,fire,,139.9,103.1,111,1601787,18.0,1497,Karate Chop,Fire Punch,Thunderbolt
Relicanth,66.7,369,water,rock,103.3,138.2,152,2170961,23.0,1498,Water Gun,Aqua Tail,Ancient Power
Rotom (Frost),66.7,479,electric,ice,128.1,145.6,94,1753373,22.5,1499,Thunder Shock,Thunderbolt,Blizzard
Jynx,65.8,124,ice,psychic,140,103,111,1599927,22.5,1497,Confusion,Avalanche,Psyshock
Talonflame,65.7,663,fire,flying,119.4,115.3,136,1872061,26.5,1496,Incinerate,Fly,Brave Bird
Avalugg (Hisuian),65.5,713,ice,rock,116.2,134.1,124,1930910,16.5,1499,Powder Snow,Rock Slide,Icy Wind
Stakataka,65.3,805,rock,steel,117.4,172.5,94,1903516,17.0,1496,Rock Throw,Stone Edge,Flash Cannon
Vaporeon,65.3,134,water,,116.7,99.7,165,1920336,18.0,1499,Water Gun,Aqua Tail,Last Resort
Mamoswine (Shadow),65,473,ice,ground,136.1,86,141,1650234,17.0,1499,Powder Snow,Icicle Spear,Stone Edge
Moltres (Shadow),64.8,146,fire,flying,134.6,104.7,118,1663699,16.0,1497,Wing Attack,Fly,Heat Wave
Mantyke,64.6,458,water,flying,99.6,161,118,1892159,51.0,1376,Bubble,Water Pulse,Aerial Ace
Mr. Rime,64.3,866,ice,psychic,126.3,115.5,122,1779946,20.0,1499,Confusion,Icy Wind,Psychic
Sudowoodo,64.2,185,rock,,115.3,130.5,129,1942248,27.5,1497,Counter,Meteor Beam,Trailblaze
Wartortle (Shadow),64.2,8,water,,107.6,139.9,139,2091871,50.5,1500,Water Gun,Aqua Jet,Ice Beam
Brionne,63.9,729,water,,124.1,117.5,124,1808939,31.5,1499,Charm,Aqua Jet,Disarming Voice
Graveler (Shadow),63.4,75,rock,ground,120.5,130.7,118,1858409,31.5,1497,Mud Slap,Rock Slide,Dig
Combusken (Shadow),63.3,256,fire,fighting,128.6,101.9,133,1742874,41.0,1498,Ember,Rock Slide,Flame Charge
Floatzel,63,419,water,,141.5,82.6,135,1578007,23.5,1498,Waterfall,Aqua Jet,Swift
Klawf,62.8,950,rock,,120.1,130.6,119,1867152,24.5,1500,Mud Slap,Bulldoze,Rock Tomb
Lycanroc (Dusk),62.8,745,rock,,142.5,93.8,118,1576914,21.0,1499,Sucker Punch,Stone Edge,Trailblaze
Smoochum,62.8,238,ice,psychic,139.4,88,118,1447404,51.0,1424,Powder Snow,Psyshock,Ice Punch
Lycanroc (Midnight),62.7,745,rock,,131.9,100.6,128,1698349,20.5,1498,Counter,Stone Edge,Psychic Fangs
Camerupt,62.6,323,fire,ground,131.6,102.4,126,1698122,26.5,1495,Incinerate,Earth Power,Rock Tomb
Camerupt (Shadow),62.6,323,fire,ground,131.6,102.4,126,1698122,26.5,1495,Incinerate,Earth Power,Rock Tomb
Centiskorch,62.6,851,fire,bug,127.9,99.4,138,1755390,19.0,1500,Ember,Lunge,Heat Wave
Charizard (Shadow),62.5,6,fire,flying,131.8,110.7,117,1706905,19.5,1500,Ember,Blast Burn,Air Cutter
Heatran (Shadow),62.4,485,fire,steel,129.9,117.4,113,1723537,15.0,1498,Fire Spin,Magma Storm,Earth Power
Pignite,62.4,499,fire,fighting,125.7,88,161,1780605,30.5,1498,Ember,Rock Tomb,Flame Charge
Magcargo,62.1,219,fire,rock,108.7,161,118,2064635,40.5,1498,Ember,Rock Tomb,Overheat
Diancie,62,719,rock,fairy,115.7,181.5,92,1931733,21.0,1499,Rock Throw,Rock Slide,Moonblast
Lycanroc (Midday),62,745,rock,,141.3,94.4,119,1586924,21.0,1499,Sucker Punch,Drill Run,Stone Edge
Moltres,62,146,fire,flying,134.6,104.7,118,1663699,16.0,1497,Wing Attack,Fly,Heat Wave
Sudowoodo (Shadow),62,185,rock,,115.3,130.5,129,1942248,27.5,1497,Counter,Meteor Beam,Trailblaze
Braixen (Shadow),61.9,654,fire,,128.4,108.2,126,1750372,34.5,1500,Ember,Psyshock,Flame Charge
Croconaw (Shadow),61.7,159,water,,116.2,121.6,137,1935810,39.0,1500,Water Gun,Ice Punch,Water Pulse
Suicune,61.7,245,water,,105.2,145.4,139,2126715,19.0,1499,Ice Fang,Bubble Beam,Scald
Chinchou,61.6,170,water,electric,100.4,93,162,1512206,51.0,1234,Bubble,Water Pulse,Thunderbolt
Poliwhirl,61.6,61,water,,115.4,114.5,147,1942244,51.0,1500,Bubble,Scald,Mud Bomb
Rhyhorn (Shadow),61.6,111,ground,rock,111.4,111.4,163,2021687,43.5,1500,Mud Slap,Bulldoze,Stomp
Salazzle,61.6,758,poison,fire,145.2,91.9,116,1548196,23.0,1499,Incinerate,Poison Fang,Dragon Pulse
Torkoal,61.2,324,fire,,106.2,153.3,130,2115495,28.5,1499,Ember,Flame Wheel,Overheat
Combusken,61.1,256,fire,fighting,128.6,101.9,133,1742874,41.0,1498,Ember,Rock Slide,Flame Charge
Emboar (Shadow),61.1,500,fire,fighting,136.6,82,147,1646949,19.0,1500,Ember,Blast Burn,Heat Wave
Mamoswine,61.1,473,ice,ground,136.1,86,141,1650234,17.0,1499,Powder Snow,Icicle Spear,Stone Edge
Goldeen,61,118,water,,114.5,103.7,118,1402051,51.0,1270,Peck,Aqua Tail,Horn Attack
Seadra,61,117,water,,130.3,117.8,112,1718374,28.0,1497,Dragon Breath,Hydro Pump,Dragon Pulse
Tirtouga,61,564,water,rock,113.7,132.8,131,1977901,51.0,1500,Water Gun,Surf,Body Slam
Carkol,60.9,838,rock,fire,96.3,142.7,170,2336297,51.0,1500,Smack Down,Rock Slide,Flame Charge
Incineroar,60.7,727,fire,dark,124.4,108.2,134,1803463,19.0,1499,Fire Fang,Brutal Swing,Blast Burn
Delphox (Shadow),60.5,655,fire,psychic,132,117.1,110,1700951,18.5,1500,Fire Spin,Psyshock,Blast Burn
Heatran,60.5,485,fire,steel,129.9,117.4,113,1723537,15.0,1498,Fire Spin,Magma Storm,Earth Power
Tirtouga (Shadow),60.5,564,water,rock,113.7,132.8,131,1977901,51.0,1500,Water Gun,Surf,Body Slam
Mr. Mime (Galarian),60.4,122,ice,psychic,128.7,128,106,1745274,28.5,1499,Confusion,Ice Punch,Triple Axel
Huntail,60.2,367,water,,129.9,126.7,105,1728340,24.5,1499,Water Gun,Aqua Tail,Crunch
Rhydon (Shadow),60.2,112,ground,rock,125.2,104,138,1796036,17.5,1499,Mud Slap,Stone Edge,Surf
Suicune (Shadow),60.2,245,water,,105.2,145.4,139,2126715,19.0,1499,Ice Fang,Bubble Beam,Scald
Cryogonal,59.9,615,ice,,114.4,140.3,122,1959412,20.5,1499,Ice Shard,Triple Axel,Night Slash
Monferno (Shadow),59.9,391,fire,fighting,127.9,96.6,142,1754341,45.5,1500,Ember,Flame Wheel,Low Sweep
Volcanion,59.9,721,fire,water,132.5,119.4,107,1692869,15.5,1499,Incinerate,Scald,Overheat
Sharpedo (Shadow),59.7,319,water,dark,164.8,66.5,124,1358544,26.5,1497,Waterfall,Crunch,Poison Fang
Archen (Shadow),59.6,566,rock,flying,157.9,76.4,118,1423473,31.5,1500,Wing Attack,Ancient Power,Crunch
Vanilluxe,59.6,584,ice,,129.8,118.5,112,1723602,20.0,1499,Astonish,Avalanche,Flash Cannon
Boldore,59.5,525,rock,,123.4,111.4,132,1814605,29.0,1500,Mud Slap,Rock Slide,Bulldoze
Bonsly,59.5,438,rock,,115.4,122.8,126,1785417,51.0,1436,Rock Throw,Rock Tomb,Rock Slide
Braixen,59.4,654,fire,,128.4,108.2,126,1750372,34.5,1500,Ember,Psyshock,Flame Charge
Croconaw,59.4,159,water,,116.2,121.6,137,1935810,39.0,1500,Water Gun,Ice Punch,Water Pulse
Carracosta (Shadow),59.3,565,water,rock,119.3,131.1,120,1877959,22.0,1500,Water Gun,Liquidation,Body Slam
Ceruledge,59.3,937,fire,ghost,134.1,114,109,1667028,17.5,1499,Incinerate,Shadow Ball,Heat Wave
Sneasel (Shadow),59.3,215,dark,ice,132.9,112.5,113,1689256,28.5,1499,Ice Shard,Avalanche,Foul Play
Weavile (Shadow),59.3,461,dark,ice,140.1,106.8,107,1600397,18.5,1499,Snarl,Avalanche,Foul Play
Poliwhirl (Shadow),59.2,61,water,,115.4,114.5,147,1942244,51.0,1500,Bubble,Scald,Mud Bomb
Archeops (Shadow),59.1,567,rock,flying,159,83.6,106,1409042,16.5,1499,Wing Attack,Ancient Power,Crunch
Seadra (Shadow),59.1,117,water,,130.3,117.8,112,1718374,28.0,1497,Dragon Breath,Dragon Pulse,Hydro Pump
Pignite (Shadow),59,499,fire,fighting,125.7,88,161,1780605,30.5,1498,Ember,Rock Tomb,Flame Charge
Sharpedo,59,319,water,dark,164.8,66.5,124,1358544,26.5,1497,Waterfall,Crunch,Poison Fang
Glimmora,58.9,970,rock,poison,135.6,105.8,115,1649829,17.0,1500,Rock Throw,Meteor Beam,Power Gem
Litleo,58.9,667,fire,normal,122,105.4,143,1838865,51.0,1500,Incinerate,Flame Charge,Crunch
Prinplup,58.9,394,water,,116.9,120,137,1922422,40.0,1500,Bubble,Icy Wind,Hydro Pump
Arcanine,58.8,59,fire,,130.3,103.9,127,1719687,18.5,1499,Fire Fang,Wild Charge,Psychic Fangs
Basculin,58.8,550,water,,131.7,99.6,130,1705739,28.0,1500,Water Gun,Aqua Tail,Aqua Jet
Houndour (Shadow),58.8,228,dark,fire,138.6,81.3,118,1330201,51.0,1361,Ember,Crunch,Flamethrower
Rotom (Heat),58.7,479,electric,fire,128.1,145.6,94,1753373,22.5,1499,Thunder Shock,Overheat,Thunderbolt
Boldore (Shadow),58.6,525,rock,,123.4,111.4,132,1814605,29.0,1500,Mud Slap,Rock Slide,Bulldoze
Graveler,58.5,75,rock,ground,120.5,130.7,118,1858409,31.5,1497,Mud Slap,Rock Slide,Dig
Charizard,58.4,6,fire,flying,131.8,110.7,117,1706905,19.5,1500,Ember,Blast Burn,Air Cutter
Crocalor,58.4,910,fire,,117.8,108.3,149,1900194,30.5,1495,Incinerate,Crunch,Flamethrower
Talonflame (Shadow),58.2,663,fire,flying,119.4,115.3,136,1872061,26.5,1496,Incinerate,Flame Charge,Fly
Chandelure (Shadow),58,609,ghost,fire,149.4,108,93,1500421,17.0,1498,Incinerate,Shadow Ball,Energy Ball
Coalossal,58,839,rock,fire,97.2,139.1,171,2312134,25.5,1499,Fire Spin,Rock Slide,Flame Charge
Growlithe (Hisuian),57.9,58,fire,rock,130.3,88.8,141,1631531,51.0,1458,Ember,Rock Slide,Crunch
Rampardos (Shadow),57.8,409,rock,,162.3,67.3,127,1387159,16.5,1500,Smack Down,Rock Slide,Flamethrower
Kingler (Shadow),57.7,99,water,,142.9,115.5,95,1569083,20.0,1499,Bubble,Crabhammer,X-Scissor
Larvesta,57.7,636,bug,fire,129.1,101,133,1733909,50.5,1497,Ember,Flame Wheel,Bug Buzz
Carracosta,57.6,565,water,rock,119.3,131.1,120,1877959,22.0,1500,Water Gun,Liquidation,Body Slam
Geodude (Shadow),57.6,74,rock,ground,122,122,112,1667037,51.0,1426,Rock Throw,Rock Tomb,Rock Slide
Stonjourner,57.5,874,rock,,124.1,109,134,1812038,17.5,1500,Rock Throw,Rock Slide,Stomp
Delphox,57.3,655,fire,psychic,132,117.1,110,1700951,18.5,1500,Fire Spin,Psyshock,Blast Burn
Glimmet,57.3,969,rock,poison,145.9,91.9,115,1542297,38.5,1500,Rock Throw,Power Gem,Dazzling Gleam
Arcanine (Shadow),57.2,59,fire,,130.3,103.9,127,1719687,18.5,1499,Fire Fang,Wild Charge,Psychic Fangs
Chandelure,57.2,609,ghost,fire,149.4,108,93,1500421,17.0,1498,Incinerate,Shadow Ball,Energy Ball
Sneasel,57.2,215,dark,ice,132.9,112.5,113,1689256,28.5,1499,Ice Shard,Avalanche,Foul Play
Growlithe (Shadow),56.9,58,fire,,125.3,89.6,133,1493981,51.0,1371,Ember,Flame Wheel,Body Slam
Kyogre (Shadow),56.9,382,water,,132.5,119.3,107,1691460,13.5,1497,Waterfall,Avalanche,Surf
Rhydon,56.9,112,ground,rock,125.2,104,138,1796036,17.5,1499,Mud Slap,Stone Edge,Surf
Weavile,56.8,461,dark,ice,140.1,106.8,107,1600397,18.5,1499,Snarl,Avalanche,Foul Play
Crabominable,56.7,740,fighting,ice,136.1,89,136,1646349,19.0,1497,Bubble,Ice Punch,Brick Break
Clamperl,56.5,366,water,,122.8,124.5,104,1590300,51.0,1401,Water Gun,Body Slam,Water Pulse
Cloyster,56.5,91,water,ice,117.9,169.9,95,1903425,23.0,1498,Ice Shard,Icy Wind,Liquidation
Emboar,56.4,500,fire,fighting,136.6,82,147,1646949,19.0,1500,Ember,Blast Burn,Heat Wave
Heatmor,56.4,631,fire,,132.6,93.1,137,1690795,24.0,1497,Fire Spin,Thunder Punch,Flamethrower
Wugtrio,56.4,961,water,,150,108.3,92,1494409,31.0,1498,Mud Slap,Liquidation,Surf
Monferno,56.1,391,fire,fighting,127.9,96.6,142,1754341,45.5,1500,Ember,Flame Wheel,Low Sweep
Rhyhorn,55.8,111,ground,rock,111.4,111.4,163,2021687,43.5,1500,Mud Slap,Bulldoze,Stomp
Frosmoth,55.6,873,ice,bug,140.1,102.3,112,1604887,21.0,1499,Powder Snow,Icy Wind,Bug Buzz
Simipour,55.5,516,water,,135.2,96.6,127,1658902,24.5,1499,Water Gun,Surf,Crunch
Inteleon,55.4,818,water,,152.3,89.5,108,1473403,19.0,1499,Water Gun,Snipe Shot,Shadow Ball
Kingler,55.3,99,water,,142.9,115.5,95,1569083,20.0,1499,Bubble,Crabhammer,X-Scissor
Prinplup (Shadow),55.3,394,water,,116.9,120,137,1922422,40.0,1500,Bubble,Icy Wind,Hydro Pump
Arcanine (Hisuian),55.1,59,fire,rock,131.4,100.9,129,1710059,18.0,1500,Snarl,Wild Charge,Rock Slide
Quilava,55,156,fire,,124.6,111.2,130,1801048,42.0,1498,Ember,Flame Charge,Dig
Corphish (Shadow),54.9,341,water,,129.5,94.6,116,1420954,51.0,1357,Bubble,Aqua Jet,Vise Grip
Onix (Shadow),54.9,95,rock,ground,83,205,104,1769387,51.0,1215,Rock Throw,Rock Slide,Sand Tomb
Onix,54.7,95,rock,ground,83,205,104,1769387,51.0,1215,Rock Throw,Rock Slide,Sand Tomb
Pyroar,54.5,668,fire,normal,133.1,98.2,129,1685877,20.5,1500,Incinerate,Flame Charge,Dark Pulse
Beartic,54.4,614,ice,,133.8,95.3,132,1682593,18.5,1500,Powder Snow,Ice Punch,Liquidation
Flareon,54.4,136,fire,,141.2,111.4,101,1588544,18.5,1498,Ember,Superpower,Heat Wave
Quilava (Shadow),54.3,156,fire,,124.6,111.2,130,1801048,42.0,1498,Ember,Flame Charge,Dig
Torracat,54.3,726,fire,,133.9,90.8,137,1666890,38.0,1494,Ember,Flame Charge,Crunch
Corphish,54.2,341,water,,129.5,94.6,116,1420954,51.0,1357,Bubble,Aqua Jet,Vise Grip
Growlithe,54.2,58,fire,,125.3,89.6,133,1493981,51.0,1371,Ember,Flame Wheel,Body Slam
Archeops,54.1,567,rock,flying,159,83.6,106,1409042,16.5,1499,Wing Attack,Ancient Power,Crunch
Archen,53.9,566,rock,flying,157.9,76.4,118,1423473,31.5,1500,Wing Attack,Ancient Power,Crunch
Cloyster (Shadow),53.9,91,water,ice,117.9,169.9,95,1903425,23.0,1498,Ice Shard,Icy Wind,Liquidation
Golem (Shadow),53.7,76,rock,ground,123.3,123.9,119,1816930,19.0,1497,Mud Slap,Stone Edge,Earthquake
Houndoom (Shadow),53.5,229,dark,fire,137.8,97.8,120,1617976,21.5,1496,Snarl,Foul Play,Flamethrower
Cinderace,53.4,815,fire,,137.2,102.2,117,1640382,18.5,1500,Fire Spin,Blast Burn,Pyro Ball
Dwebble,53.4,557,bug,rock,110.4,118.7,126,1650634,51.0,1350,Smack Down,Rock Tomb,X-Scissor
Darmanitan (Standard) (Shadow),53,555,fire,,149,73.1,138,1502927,18.0,1500,Incinerate,Rock Slide,Overheat
Ponyta (Shadow),53,77,fire,,132.1,108.8,118,1695512,39.5,1497,Ember,Flame Wheel,Stomp
Seel,53,86,water,,83,112.9,147,1377047,51.0,1071,Water Gun,Aqua Tail,Icy Wind
Krabby (Shadow),52.8,98,water,,146.5,112.5,93,1532388,46.5,1498,Bubble,Vise Grip,Razor Shell
Octillery,52.7,224,water,,129.9,102.8,129,1723186,25.0,1497,Lock On,Octazooka,Gunk Shot
Dwebble (Shadow),52.3,557,bug,rock,110.4,118.7,126,1650634,51.0,1350,Smack Down,X-Scissor,Rock Tomb
Oricorio (Baile),52.2,741,fire,flying,129.2,104.2,129,1736419,25.0,1499,Air Slash,Air Cutter,Hurricane
Ho-Oh,52.1,250,fire,flying,121.6,130.7,116,1843807,14.5,1500,Incinerate,Brave Bird,Sacred Fire
Houndour,51.9,228,dark,fire,138.6,81.3,118,1330201,51.0,1361,Ember,Crunch,Flamethrower
Nosepass,51.6,299,rock,,80.5,190.9,97,1490610,51.0,1096,Rock Throw,Rock Slide,Rock Blast
Infernape,51.5,392,fire,fighting,135.8,101.1,120,1647341,21.0,1499,Fire Spin,Close Combat,Blast Burn
Geodude,51.4,74,rock,ground,122,122,112,1667037,51.0,1426,Rock Throw,Rock Tomb,Rock Slide
Gorebyss,51.4,368,water,,133.8,123,102,1678219,23.0,1498,Confusion,Water Pulse,Psychic
Seel (Shadow),51.3,86,water,,83,112.9,147,1377047,51.0,1071,Water Gun,Aqua Tail,Icy Wind
Totodile,50.9,158,water,,109.6,102.9,126,1420558,51.0,1248,Water Gun,Aqua Jet,Crunch
Darumaka (Galarian),50.8,554,ice,,131.1,83.8,155,1703738,51.0,1495,Ice Fang,Ice Punch,Ice Beam
Infernape (Shadow),50.8,392,fire,fighting,135.8,101.1,120,1647341,21.0,1499,Fire Spin,Close Combat,Blast Burn
Charmeleon,50.7,5,fire,,124.6,111.2,130,1801048,42.0,1498,Ember,Fire Punch,Return
Ponyta,50.7,77,fire,,132.1,108.8,118,1695512,39.5,1497,Ember,Flame Wheel,Stomp
Tatsugiri (Curly),50.5,978,dragon,water,136.7,109,110,1639659,20.5,1498,Water Gun,Surf,Outrage
Krabby,50.3,98,water,,146.5,112.5,93,1532388,46.5,1498,Bubble,Vise Grip,Razor Shell
Clauncher,50,692,water,,102.1,109.6,126,1409101,51.0,1200,Water Gun,Aqua Jet,Crabhammer
Drizzile,50,817,water,,136.1,93.7,129,1644291,31.0,1498,Water Gun,Surf,Water Pulse
Darmanitan (Standard),49.8,555,fire,,149,73.1,138,1502927,18.0,1500,Incinerate,Rock Slide,Overheat
Popplio,49.8,728,water,,112,97.9,126,1382544,51.0,1245,Water Gun,Aqua Tail,Aqua Jet
Frogadier,49.7,657,water,,132.9,101.4,125,1684846,41.5,1496,Bubble,Surf,Aerial Ace
Rampardos,49.7,409,rock,,162.3,67.3,127,1387159,16.5,1500,Smack Down,Rock Slide,Flamethrower
Roggenrola (Shadow),49.7,524,rock,,112.9,103.7,133,1557375,51.0,1328,Smack Down,Stone Edge,Rock Blast
Charmeleon (Shadow),49.5,5,fire,,124.6,111.2,130,1801048,42.0,1498,Ember,Fire Punch,Flamethrower
Totodile (Shadow),49.3,158,water,,109.6,102.9,126,1420558,51.0,1248,Water Gun,Aqua Jet,Crunch
Houndoom,49.2,229,dark,fire,137.8,97.8,120,1617976,21.5,1496,Snarl,Foul Play,Flamethrower
Roggenrola,48.8,524,rock,,112.9,103.7,133,1557375,51.0,1328,Smack Down,Stone Edge,Rock Blast
Nosepass (Shadow),48.6,299,rock,,80.5,190.9,97,1490610,51.0,1096,Rock Throw,Rock Slide,Rock Blast
Raboot,48.4,814,fire,,127.2,104,133,1760285,34.0,1497,Fire Spin,Flame Charge,Flamethrower
Darumaka (Shadow),47.8,554,fire,,131.1,83.8,155,1703738,51.0,1495,Fire Fang,Fire Punch,Flame Charge
Frogadier (Shadow),47.8,657,water,,132.9,101.4,125,1684846,41.5,1496,Bubble,Surf,Aerial Ace
Golem,47.7,76,rock,ground,123.3,123.9,119,1816930,19.0,1497,Mud Slap,Stone Edge,Earthquake
Piplup (Shadow),47.6,393,water,,105.4,97.1,130,1330533,51.0,1185,Bubble,Drill Peck,Icy Wind
Darumaka,47.4,554,fire,,131.1,83.8,155,1703738,51.0,1495,Fire Fang,Fire Punch,Flame Charge
Pupitar (Shadow),47.3,247,rock,ground,118.5,112.4,142,1891004,37.0,1497,Bite,Ancient Power,Dig
Ho-Oh (Shadow),46.1,250,fire,flying,121.6,130.7,116,1843807,14.5,1500,Incinerate,Brave Bird,Sacred Fire
Piplup,45.7,393,water,,105.4,97.1,130,1330533,51.0,1185,Bubble,Drill Peck,Icy Wind
Clawitzer,45.3,693,water,,133.1,112,113,1685156,20.5,1499,Water Gun,Crabhammer,Ice Beam
Bergmite,44.7,712,ice,,109.6,112,133,1632496,51.0,1340,Tackle,Icy Wind,Crunch
Darmanitan (Galarian),44.2,555,ice,,149,73.1,138,1502927,18.0,1500,Ice Fang,Avalanche,Superpower
Simisear,44,514,fire,,135.2,96.6,127,1658902,24.5,1499,Fire Spin,Crunch,Flamethrower
Fuecoco,43.2,909,fire,,105.4,92.1,151,1466210,51.0,1243,Incinerate,Crunch,Flamethrower
Entei,43,244,fire,,126.1,99.4,142,1779301,16.0,1498,Fire Fang,Flame Charge,Scorching Sands
Pupitar,42.6,247,rock,ground,118.5,112.4,142,1891004,37.0,1497,Bite,Ancient Power,Dig
Glaceon,42.2,471,ice,,134.8,123.5,100,1665509,18.0,1500,Ice Shard,Avalanche,Water Pulse
Anorith (Shadow),41.9,347,rock,bug,144,93.3,116,1559095,48.5,1500,Struggle Bug,Aqua Jet,Cross Poison
Entei (Shadow),39.9,244,fire,,126.1,99.4,142,1779301,16.0,1498,Fire Fang,Flame Charge,Scorching Sands
Anorith,33.6,347,rock,bug,144,93.3,116,1559095,48.5,1500,Struggle Bug,Aqua Jet,Ancient Power
Cranidos (Shadow),11.6,408,rock,,162.1,63.6,134,1382383,32.5,1500,Take Down,Rock Tomb,Ancient Power
Cranidos,10.9,408,rock,,162.1,63.6,134,1382383,32.5,1500,Take Down,Rock Tomb,Ancient Power
